ASN,Name
AS12291,Deutsche Post AG
AS12292,Transkom GmbH
AS12298,QIAGEN GmbH
AS12306,Plus.line AG
AS12312,ecotel communication ag
AS12313,1&1 Versatel GmbH
AS12316,Finanz Informatik Technologie Service GmbH & Co. KG
AS12329,GLASFASER RUHR GmbH & Co. KG
AS12331,Audi AG
AS12337,noris network AG
AS12348,ODN OnlineDienst Nordbayern GmbH & Co. KG
AS12349,Bayer AG
AS12355,HeLi NET Telekommunikation GmbH & Co.
AS12360,KEVAG Telekom GmbH
AS12371,avency GmbH
AS12374,LF.net Netzwerksysteme GmbH
AS12379,ip4 GmbH
AS12399,q.beyond AG
AS12404,Saarbrucker Zeitung Medienhaus GmbH
AS12422,Evonik Industries AG
AS12431,SYBCOM GmbH
AS12437,DTS Systeme Muenster GmbH
AS12440,Hughes Network Systems GmbH
AS12460,Mandala Internet EDV Service GmbH
AS12466,Bicos Computer GmbH
AS12470,Globe Development GmbH
AS12480,ILK Internet Gmbh
AS12502,Dr.-Ing. Nepustil & Co. GmbH Internet Service Center Ingenieurgesellschaft fuer Systemsoftware und K
AS12510,SAP SE
AS12512,CBXNET combox internet GmbH
AS12546,Kleemann GmbH
AS12557,SimpleThings GmbH
AS12571,INCAS GmbH
AS12574,Hosting.de GmbH
AS12579,Xenologics Networks & Communications GmbH
AS12581,tops.net GmbH & Co. KG
AS12586,GHOSTnet GmbH
AS12610,Rockenstein AG
AS12611,R-KOM Regensburger Telekommunikationsgesellschaft mbH
AS12625,Deutsche Boerse AG
AS12638,Telefonica Germany GmbH & Co.OHG
AS12643,Fraunhofer-Gesellschaft zur Foerderung der angewandten Forschung e.V.
AS12655,Telefonbuch Verlag Hans Mueller GmbH & Co. KG
AS12657,BayCIX GmbH
AS12665,MSH Medien System Haus GmbH & Co. KG
AS12676,HKN GmbH
AS12680,RM Hamburg Holding GmbH
AS12693,e.discom Telekommunikation GmbH
AS12726,AirPlus International GmbH
AS12731,IPHH Internet Port Hamburg GmbH
AS12732,GutCon GmbH
AS12748,IAV GmbH Ingenieurgesellschaft Auto und Verkehr
AS12759,Stephan Fuss trading as SoftCom Datensysteme
AS12808,dtms GmbH
AS12813,WorNet AG
AS12816,Leibniz-Rechenzentrum
AS12817,GeFoekoM e.V.
AS12830,InfraNet AG
AS12843,TelemaxX Telekommunikation GmbH
AS12853,InfraServ GmbH trading as InfraServ GmbH & Co. Gendorf KG
AS12857,Manage Now GmbH
AS12886,LEW TelNet GmbH
AS12888,Amadeus GmbH
AS12897,ENTEGA Medianet GmbH
AS12898,PSV Neo GmbH
AS12907,ip&more GmbH
AS12915,EPAG Domainservices GmbH
AS12923,Wizard Computersysteme GmbH
AS12931,IDKOM Networks GmbH
AS12941,intersaar GmbH
AS13010,MTS Internet GmbH
AS13012,Stefan Englhardt
AS13020,Chaos Computer Club Veranstaltungsgesellschaft mbH
AS13039,Global Village GmbH
AS13040,FIZ Karlsruhe - Leibniz-Institut fuer Informationsinfrastruktur GmbH
AS13043,Bayer AG
AS13045,htp GmbH
AS13054,badenIT GmbH
AS13058,serve-u - Buchholz und Suenderhauf GbR
AS13101,TNG Stadtnetz GmbH
AS13115,Home of the Brave Internet Technology Based Solutions GmbH
AS13128,IT-Dienstleistungszentrum Berlin
AS13130,Autostadt GmbH
AS13132,cyberways Informationsdienste GmbH
AS13135,Wieske's Crew GmbH
AS13157,GOPAS Solutions GmbH
AS13167,Merck KGaA
AS13187,LANXESS Deutschland GmbH
AS13233,Schoene Toechter GmbH
AS13237,euNetworks GmbH
AS13246,Key-Systems GmbH
AS13247,Erdenreich Datentechnik GmbH
AS13251,QiTEC GmbH
AS13282,Finanz Informatik GmbH & Co. KG
AS13289,Krick Management GmbH trading as iWelt GmbH + Co. KG
AS133924,Covestro AG
AS136767,BMW AG (Bayerische Motoren Werke Aktiengesellschaft)
AS139321,Dennis Przytarski
AS15363,arvato infoscore GmbH
AS15366,DNS:NET Internet Service GmbH
AS15368,Intares GmbH
AS15372,IBH connect GmbH
AS15375,Commerzbank Aktiengesellschaft
AS15415,Oberberg-Online Informationssysteme GmbH
AS15434,overturn technologies GmbH
AS15442,Procter & Gamble Service GmbH
AS15446,flatexDEGIRO SE
AS15451,DATEV eG
AS15456,InterNetX GmbH
AS15465,Siemens AG
AS15479,euNetworks GmbH
AS15486,Materna Information & Communications SE
AS15492,PFALZWERKE AG
AS15495,BASF Digital Solutions GmbH
AS15499,Computacenter Management GmbH trading as Computacenter AG & Co.oHG
AS15518,Circular Informationssysteme GmbH
AS15540,operational services GmbH & Co. KG
AS15550,COUNT+CARE Verwaltungs GmbH
AS15580,Allianz Technology SE
AS15590,Atruvia AG
AS15594,netzquadrat GmbH
AS15598,NorthC Deutschland GmbH
AS15613,FactSet GmbH
AS15644,Fresenius SE & Co. KGaA
AS15657,Speedbone Internet & Connectivity GmbH
AS15698,EnBW Energie Baden-Wuerttemberg AG
AS15702,euNetworks GmbH
AS15717,1&1 Versatel GmbH
AS15725,IKS Service GmbH
AS15726,MARCANT AG
AS15743,net.de AG
AS15763,DOKOM Gesellschaft fuer Telekommunikation mbH
AS15769,Deutsche Bank AG
AS15790,Finanz Informatik GmbH & Co. KG
AS15817,"Robert Meyer trading as ""Mittwald CM Service GmbH & Co. KG"""
AS15844,true global communications GmbH
AS15854,EntServ Deutschland GmbH
AS15866,ITventive AG
AS15894,LEITWERK AG
AS15925,Occino GmbH
AS15933,ith Kommunikationstechnik GmbH
AS15943,wilhelm.tel GmbH
AS15945,PFALZKOM GmbH
AS15960,WIIT AG
AS15987,Portunity GmbH
AS16001,Aareon Deutschland GmbH
AS16017,Hager Electro GmbH & Co. KG
AS16024,GELSEN-NET Kommunikationsgesellschaft mbH
AS16072,First Data GmbH
AS16075,TAZ Verlags- und Vertriebsgesellschaft mit beschraenkter Haftung Berlin
AS16084,E.ON Digital Technology GmbH
AS16097,HL komm Telekommunikations GmbH
AS16107,Commerzbank Aktiengesellschaft
AS16108,Deutsches Institut fuer Normung e.V.
AS16148,NetWork Team GmbH
AS16151,Brodos AG
AS16188,punkt.de GmbH
AS16202,Tele Columbus AG
AS16205,DSI GmbH Daten Service Informationssysteme
AS16218,"Ingo Assion trading as ""IACD Systemhaus GmbH"""
AS16277,contac Datentechnik GmbH
AS16316,TMT GmbH & Co. KG
AS16356,Ricoh Deutschland GmbH
AS16360,Signalhorn Trusted Networks GmbH
AS16365,Commerzbank Aktiengesellschaft
AS16378,Otto GmbH & Co. KGaA
AS1754,Deutsches Elektronen-Synchrotron DESY
AS1898,Torsten Blum
AS196610,DE-CIX Management GmbH
AS196616,regio[.NET] Holding GmbH
AS196624,blank-clan (Christian Patrick Schmidt)
AS196636,Helaba Invest Kapitalanlagegesellschaft mbH
AS196714,Thueringer Netkom GmbH
AS196731,egeplast international GmbH
AS196763,Key-Systems GmbH
AS196819,DEMANDO GmbH
AS196870,Freistaat Thueringen
AS196922,Hofmeir Media GmbH
AS196932,RheiNet GmbH
AS196954,Epcan GmbH
AS196968,Ilm-Provider UG (haftungsbeschraenkt)
AS197008,ACP IT Solutions AG
AS197063,PfalzConnect GmbH
AS197071,active 1 GmbH
AS197157,SoundCloud Management GmbH
AS197160,Markus Vogt
AS197164,IsarNet AG
AS197208,msg systems ag
AS197252,Colobridge GmbH
AS197269,Ritter Technologie GmbH
AS197334,ICF SYSTEMS AG
AS197347,Allianz Arena Muenchen Stadion GmbH
AS197365,TTS Tooltechnic Systems AG & Co. KG
AS197435,deep worx GmbH
AS197438,Julius Birkhofen
AS197469,JONAS LEDER
AS197473,Studio Funk GmbH & Co. KG
AS197477,Moritz Mantel trading as Nerdscave
AS197491,Applied International Informatics GmbH
AS197509,pharma mall Gesellschaft fuer Electronic Commerce GmbH
AS197524,Leonet GmbH
AS197540,netcup GmbH
AS197549,GHOSTnet GmbH
AS197558,Muth Citynetz Halle GmbH
AS197614,Ian David Klemm
AS197637,ropa GmbH
AS197639,Hogrefe Verlag GmbH & Co. KG
AS197641,Innofinity GmbH
AS197658,
AS197659,Funkwerk Security Solutions GmbH
AS197729,Binect GmbH
AS197745,feel3 UG (haftungsbeschraenkt)
AS197759,Enapter AG
AS197762,Constantin Herold
AS197777,INSIGMA IT Engineering GmbH
AS197782,Chaostreff Dortmund e.V.
AS197803,SV Werder Bremen GmbH & Co KG aA
AS197814,Malte Bittner
AS197874,"Landeshauptstadt Muenchen, it@M"
AS197885,Erik Stomp
AS197890,Andreas Fahl trading as Megaservers.de
AS197909,EDEKA Rechenzentrum Sued Betriebs GmbH
AS197915,All for One Group SE
AS197965,Proact Deutschland GmbH
AS197975,LINK Mobility GmbH
AS197990,T&A SYSTEME GmbH
AS198016,Michael Kieser
AS198018,trivago N.V.
AS198022,STARFACE GmbH
AS198041,Computacenter Management GmbH trading as Computacenter AG & Co.oHG
AS198119,prointernet Verwaltungs GmbH trading as prointernet GmbH & Co. KG
AS198139,Lucas Vossberg
AS198145,SWM Services GmbH
AS198196,RIKOM GmbH
AS198205,notebooksbilliger.de AG
AS198218,horizon teleports GmbH
AS198225,MDDSL - Mitteldeutsche Gesellschaft fuer Kommunikation mbH
AS198296,Burda Digital Systems GmbH
AS198311,Flughafen Berlin Brandenburg GmbH
AS198333,DATAGROUP SE
AS198435,DVZ Datenverarbeitungszentrum Mecklenburg-Vorpommern GmbH
AS198444,Stadtwerke Dorfen GmbH
AS198453,Joerg Jungermann
AS198556,Marcel Hanisch
AS198570,Stadtnetz Bamberg Gesellschaft fuer Telekommunikation mbH
AS198571,3xK Tech GmbH
AS198573,Siemens AG
AS198584,PIO-Hosting GmbH
AS198590,Ben Klinke
AS198661,Ksenia Becker
AS198672,ene't Service GmbH
AS198678,Delos Cloud GmbH
AS198689,Jens Fahnenbruck
AS198703,Presse und Informationsamt der Bundesregierung
AS198710,3U TELECOM GmbH
AS198726,Wemaconnect GmbH
AS198745,ALSO International Services GmbH
AS198818,ISP Service eG
AS198870,KNISTR GmbH
AS198889,Jerzy Dabrowski
AS198893,ITF-Systemhaus GmbH
AS198904,50Hertz Transmission GmbH
AS198913,CONET Deutschland GmbH
AS198930,Vereinigte Stadtwerke Media GmbH
AS198956,ARADOS GmbH
AS198967,BITel Gesellschaft fuer Telekommunikation mbH
AS198983,Joseph Hofmann trading as 'Tornado Datacenter GmbH & Co. KG'
AS198996,Westwing GmbH
AS198997,Noah Pohlmann
AS199090,Muenchener Zeitungsverlag GmbH & Co. KG
AS199104,Deutsche Bank AG
AS199118,Heinlein-Support GmbH
AS199121,Flexoptix GmbH
AS199154,Destack GmbH
AS199163,DATAGROUP Operations GmbH
AS199241,Leon Haerle
AS199271,GDV Dienstleistung GmbH
AS199284,Thueringer Netkom GmbH
AS199306,Open Grid Europe GmbH
AS199354,Arab States Research and Education Network (ASREN) Gemeinnutzige GmbH
AS199395,Adem Karagoez
AS199414,Noah Kolossa
AS199421,MTI Teleport Muenchen GmbH Gesellschaft fur Satellitenubertragungen
AS199438,web2objects GmbH
AS199446,Daniel-Pascal Engelschalk trading as GitCom IT-Services OHG
AS199460,Vasgard GmbH
AS199471,Marcel Straub
AS199488,Niklas Tom Teide Fricke
AS199563,Siemens Healthineers AG
AS199578,Rheinland-Pfaelzische Technische Universitaet Kaiserslautern-Landau
AS199597,cbcnet GmbH
AS199610,marbis GmbH
AS199644,Andreas Otto
AS199645,integrate-it Netzwerke GmbH
AS199703,Landkreis Kassel
AS199714,Serhii Lystopad
AS199725,MediaMobil Communication GmbH
AS199753,UD Media GmbH
AS199776,Noah Steiniger trading as Noahprojects
AS199786,Kuehne + Nagel (AG & Co.) KG
AS199789,Route 128 GmbH
AS199801,BDO AG Wirtschaftspruefungsgesellschaft
AS199854,Jens Thies
AS199876,NOWEDA eG Apothekergenossenschaft
AS199877,Kennametal Shared Services GmbH
AS199880,Kirche Jesu Christi der Heiligen der Letzten Tage in Deutschland
AS199912,Layer7 Networks GmbH
AS199918,Wilton Arthur Poth
AS199938,Netzwerge GmbH
AS199963,Mack International GmbH trading as Europa-Park GmbH & Co Mack KG
AS199982,Maurice Daniel Klein
AS200003,TUEV NORD Service GmbH & Co KG
AS200062,Optitrust GmbH
AS200081,Netversor GmbH
AS200086,Synergy Networks GmbH
AS200093,Deutsche Telekom MMS GmbH
AS200109,Zurkuhl GmbH
AS200119,Michael Jochen Korn
AS200183,Content Fleet GmbH
AS200187,CloudKleyer Frankfurt GmbH
AS200209,Axima Networks GmbH
AS200220,servinga GmbH
AS200224,DWE GmbH
AS200229,Florian Kasper
AS200242,Ember Ana Reimer
AS200249,Products Up GmbH
AS200258,Mike Bressem
AS200275,sc synergy GmbH
AS200278,Kai Rottleb
AS200291,SAP SE
AS200297,ACS Solutions GmbH
AS200303,LUMASERV GmbH
AS200319,eQnet GmbH
AS200372,Lars Ewald
AS200373,3xK Tech GmbH
AS200374,Schwarzwaelder Bote Mediengesellschaft mbH
AS200377,psb intralogistics GmbH
AS200392,Netcom Connected Services GmbH
AS200393,Klett IT GmbH
AS200394,
AS200395,Leibold Sicherheits- & Informationstechnik GmbH
AS200397,Bioscientia Institut fuer Medizinische Diagnostik GmbH
AS200402,Sirona Dental Systems GmbH
AS200423,Bauerfeind AG
AS200439,KOLLMORGEN Europe GmbH
AS200461,Ian David Klemm
AS200462,"Lennart Seitz trading as ""ETH-Services"""
AS200465,SudLeasing GmbH
AS200482,nexserv GmbH
AS200486,Michael Kloos
AS200490,Felix Annen
AS200491,goetel GmbH
AS200512,Lotto24 AG
AS200519,NYNEX satellite OHG
AS200520,Procter & Gamble Service GmbH
AS200548,webhoster.de AG
AS200561,Gamma Placetel GmbH
AS200567,Wireless Logic mdex GmbH
AS200570,Kommunale Informationsdienste Magdeburg GmbH
AS200576,GDV Dienstleistung GmbH
AS200599,eins energie in sachsen GmbH & Co. KG
AS200603,FIXME GmbH
AS200605,Alexander Samoylyk
AS200638,JH-Computers GmbH
AS200657,Landkreis Darmstadt-Dieburg
AS200667,CWD-Solution GmbH
AS200677,Yannick Hack
AS200703,MEWA Textil-Service AG & Co. Management OHG
AS200715,ALTANA Management Services GmbH
AS200728,Leonhard Hoesch
AS200735,MN Glasfaser GmbH trading as MUENET GmbH & Co. KG
AS200768,Currenta GmbH & Co. OHG
AS200770,REQUISIS GmbH
AS200777,Deutsche Welle Anstalt des Oeffentlichen Rechts
AS200797,UBN24.UG (haftungsbeschraenkt)
AS200827,Lucy Hochkamp
AS200842,Palior UG (haftungsbeschraenkt)
AS200846,d.velop AG
AS200856,Evangelische Heimstiftung GmbH
AS200861,Riege Software International GmbH
AS200912,Joel Krause
AS200916,Clausjuergens EDV-Beratungsgesellschaft mbH
AS200924,Stiegeler Internet Service GmbH
AS200931,Lumberg Connect GmbH
AS200941,vioma GmbH
AS200943,Fraunhofer-Gesellschaft zur Foerderung der angewandten Forschung e.V.
AS200978,Biesterfeld SE
AS201010,Ypsilon.Net AG
AS201011,Core-Backbone GmbH
AS201014,axilaris GmbH
AS201026,Zalando SE
AS201033,Alex Wellnitz
AS201035,LueneCom Kommunikationsloesungen GmbH
AS201059,Drahtlos-DSL GmbH Mittelsachsen
AS201066,eGroup Technologies AG
AS201124,Daniel Kuk
AS201142,Covestro Deutschland AG
AS201157,Ronny Laborius
AS201173,Chaotikum e.V.
AS201206,Droptop GmbH
AS201208,GFIS GmbH
AS201212,Justin Kaufman
AS201213,DARZ GmbH
AS201222,Frieder Mueller
AS201257,Johannes Behrndt
AS201284,Devexperts GmbH
AS201291,Roedl IT Operation GmbH
AS201299,BWI GmbH
AS201318,Suedwestfalen-IT
AS201339,Wissenschaftsstadt Darmstadt
AS201354,Lilly Schramm
AS201370,AirIT Services GmbH
AS201371,Lars Peter Werner Erhardt
AS201377,Nicolas Blume
AS201379,Christian Hofstede-Kuhn
AS201399,MeVis Medical Solutions AG
AS201435,osapiens Services GmbH
AS201438,Schroeder Bauzentrum GmbH Heide & Co. KG
AS201458,InnKlinikum gKU Altoetting und Muehldorf
AS201463,Infront Financial Technology GmbH
AS201491,Prestele Group Services GmbH
AS201530,LVM Landwirtschaftlicher Versicherungsverein Muenster a.G.
AS201543,Gebr. Heinemann SE & Co. KG
AS201545,AGRAVIS Ost GmbH & Co. KG
AS201552,WIBU-SYSTEMS AG
AS201600,Gemeinschaftsantennenanlage Oberes Sprottental Schmoelln eG
AS201609,ELAFLEX - Gummi Ehlers GmbH trading as ELAFLEX HIBY GmbH & Co. KG
AS201652,IN-telegence GmbH
AS201685,LANXESS Deutschland GmbH
AS201687,Marco Andreas Martin Jahn trading as Darkmatter IT
AS201698,Deutsche Vermoegensberatung Aktiengesellschaft DVAG
AS201701,Freifunk Rheinland e.V.
AS201709,HanDS Hanse Datacenter Services GmbH
AS201734,Camlog Management GmbH
AS201764,mgm technology partners GmbH
AS201790,Joshua Eliah Gerke
AS201807,SAP SE
AS201809,Tchibo GmbH
AS201832,COSIMO Vertriebs und Beratungs GmbH
AS201846,Robert Bosch Gesellschaft mit Beschraenkter Haftung
AS201853,Sophie Raven Tauchert
AS201856,HKL BAUMASCHINEN GmbH
AS201878,Stadtwerke Muehlheim am Main GmbH
AS201886,LBBW Asset Management Investmentgesellschaft mbH
AS201901,TMP-SYSTEM-SERVICE GmbH
AS201917,Vodafone Group Services GmbH
AS201938,Filiago Verwaltungsgesellschaft mbH trading as Filiago GmbH und Co. KG
AS201950,Alexander Bork
AS201955,iquer.net GmbH & Co KG
AS201962,Michael Rack
AS201963,SCALE IT Service GmbH
AS202040,SCT Schiele GmbH
AS202046,FairNetz GmbH
AS202077,Geneon GmbH
AS202084,"Jan Schuerlein trading as ""Schuerlein IT"""
AS202092,Synergy Networks GmbH
AS202108,united-domains GmbH
AS202113,plan b. solutions GmbH
AS202135,Lucia Charlie Sophie Jeschonneck
AS202167,ZeniMax Germany GmbH
AS202168,Online Marketing Solutions AG
AS202182,Koerber Pharma Software GmbH
AS202186,Babyone Franchise- und Systemzentrale GmbH
AS202195,ropa GmbH
AS202200,Siemens AG
AS202208,Teutel GmbH
AS202217,Wilken Data Service Center GmbH
AS202231,Leon Ruetten trading as Vultris
AS202238,BREKOM GmbH
AS202245,Antennen-Interessengemeinschaft Geroldsgruen e.V.
AS202252,OCKNet GmbH
AS202278,XenonCloud Verwaltungs GmbH trading as XenonCloud GmbH & Co. KG
AS202283,Rechenzentrum der Finanzverwaltung NRW
AS202322,Benedikt Toelle
AS202329,Verein zur Foerderung freier Netze Region Mittlerer Oberrhein e.V.
AS202358,MVNET-SOLUTIONS UG
AS202373,Stadtwerke Rostock AG
AS202401,Webhosting24 GmbH
AS202429,Roedl IT Operation GmbH
AS202435,Hyatt Services GmbH
AS202462,Mineraloelraffinerie Oberrhein GmbH & Co KG
AS202473,Patrick Stolzmann
AS202476,Tom Leon Dombrowsky trading as RentGear
AS202499,"Campus, Hofnetz & Events GmbH"
AS202524,Cluster-Team Guenter Haeusler & Andreas Specht GbR
AS202526,HENSOLDT Optronics GmbH
AS202539,Internetmanufaktur Karlsruhe UG (haftungsbeschraenkt)
AS202545,Yannik Schwieger
AS202566,questnet GmbH
AS202577,Kommunale Datenverarbeitungszentrale Rhein-Erft-Rur
AS202592,area-7 IT-Services GmbH
AS202661,NetPlans GmbH
AS202680,neu-itec GmbH
AS202693,Erik Schneider
AS202694,VKBit Betrieb GmbH
AS202698,levigo holding gmbh
AS202701,Michael Kloos
AS202707,omnidat GmbH
AS202716,WWK Lebensversicherung a.G.
AS202729,Jennifer Graul
AS202730,1. FSV Mainz 05 e.V.
AS202731,FAUSER AG
AS202732,Monogon SE
AS202739,Daniel Czerwonk
AS202741,Martin Fichtner & Peter Feist GBR
AS202810,"Brose Fahrzeugteile SE & Co. Kommanditgesellschaft, Bamberg"
AS202847,"Sozialversicherung fuer Landwirtschaft, Forsten und Gartenbau"
AS202851,rackSPEED GmbH
AS202878,Kevin Olbrich
AS202909,Benjamin Kuebler
AS20292,miriquidi networks GmbH
AS202929,Olaf Lienau
AS202946,Sulzer GmbH
AS202957,Stadtwerke Iserlohn GmbH
AS202986,Lukas Tautz
AS203015,smcc.net GmbH
AS203017,Hamburger Wasserwerke GmbH
AS203022,MEDIA BROADCAST GmbH
AS203027,Kevin Engelke
AS203029,Alec Putzmann
AS203038,QuxLabs UG
AS203043,Tirastel GmbH
AS203045,Kettler Textil-Konfektion GmbH
AS203046,VTG AG
AS203080,SAP SE
AS203085,Widas Concepts IT Consulting & Services GmbH
AS203123,Jurgen Eckhard Petri
AS203132,SySS GmbH
AS203175,RTO GmbH
AS203196,energy & meteo systems GmbH
AS203207,Hennig Infrastruktur Technologie GmbH
AS203215,DATAGROUP Enterprise Services GmbH
AS203226,Dirk Walde trading as Walde IT-Systeme
AS203228,Greenfiber Internet & Dienste GmbH
AS203278,serv.it Gesellschaft fur IT Services mbH
AS203293,Norbert Herter trading as Regionetz.net
AS203325,Serviceplan Group SE & Co. KG
AS203329,NTT Global Data Centers EMEA GmbH
AS203333,Jonas Busch
AS203347,Yalwa GmbH
AS203412,KUES DATA GmbH
AS203418,Max Philipp Wriedt
AS203420,Bjoern Maenken
AS203427,Comdesk GmbH
AS203437,CompuGroup Medical SE & Co. KGaA
AS203440,linefinity GmbH
AS203441,Mittelrhein-Verlag GmbH
AS203442,Steffen Barthel
AS203478,Sarah Maedel
AS203520,Xantaro Holding GmbH
AS203536,FNOH DSL Suedheide GmbH
AS203546,Naegele IT-Service GmbH
AS203560,regfish GmbH
AS203584,Allianz Technology SE
AS203588,Danylo Storozhev
AS203592,CLOUD & HEAT Technologies GmbH
AS203593,TeleMark Telekommunikationsgesellschaft Mark mbH
AS203604,Soluvia IT-Services GmbH
AS203617,Implico GmbH
AS203621,Kramer & Crew GmbH & Co. KG
AS203636,Robin Jung
AS203682,Terrera AG
AS203692,ppdigital GmbH & Co. KG
AS203696,"Europaeische Akademie fuer biopsychosoziale Gesundheit, Naturtherapien und Kreativitaetsfoerderung ("
AS203703,BITBW
AS203724,Musarubra Germany GmbH
AS203757,Gregor Czubayko
AS203759,INTAC Services GmbH
AS203761,Hartana GmbH trading as ACS Hartmann GmbH & Co. KG
AS203777,cloudopserve GmbH
AS203786,Patrick Westenberg trading as Westenberg + Kueppers GbR
AS203792,x-cellent technologies GmbH
AS203819,Emily Kohlmeier
AS203829,Leitz GmbH & Co. KG
AS203833,firstcolo GmbH
AS203836,Net at vision Gesellschaft fuer Informationstechnologie mbH
AS203838,WPK Kunststofftechnik GmbH & Co. KG
AS203865,overturn technologies GmbH
AS203881,GFA Steriltechnik GmbH & Co. KG
AS203889,Citti Handelsgesellschaft mbH & Co KG
AS203894,Arvato SE
AS203924,buerodata AG
AS203947,mitcaps GmbH
AS203965,FRITZ! Technology GmbH
AS203969,Nexula GmbH
AS203983,tolltickets GmbH
AS203986,schnell-im-netz.de GmbH & Co.KG
AS203988,Evy Storozhenko
AS203989,"Landeshauptstadt Muenchen, it@M"
AS204003,Jan-Eric Ortgies
AS204028,Dolphin IT-Systeme e.K.
AS204033,Oliver Arthur
AS204035,oneCorp GmbH
AS204038,AD IT Systems GmbH
AS204052,Jenoptik AG
AS204053,ADESTIS GmbH
AS204061,EOS Technology Solutions GmbH
AS204065,OXITGEN AG
AS204093,WIIT AG
AS204109,Hillenbrand Germany Holding GmbH
AS204110,Sinch Germany GmbH
AS204119,ispOne business GmbH
AS204135,LEMARIT GmbH
AS204138,REHAU Management SE trading as REHAU Industries SE & Co. KG
AS204146,DeutschlandRadio KdoR
AS204147,Cordes & Graefe KG
AS204155,DeutschlandRadio KdoR
AS204181,Magnus Kaiser
AS204188,ITSG Informationstechnische Servicestelle der Gesetzlichen Krankenversicherung GmbH
AS204195,SWE Digital GmbH
AS204197,JD Invest GmbH
AS204218,Friedrich Kecht t/a Friedrich Kecht & Gerhard Guggenbichler Gbr
AS204227,SAP SE
AS204233,Lotto24 AG
AS204243,HFP Informationssysteme GmbH
AS204252,Reygers Systemhaus GmbH
AS204253,CTS Eventim Solutions GmbH
AS204254,Marvin Huebel
AS204261,WizardTales GmbH
AS204268,Christian Hoene
AS204282,HST Systemtechnik GmbH & Co. KG
AS204296,VEKA AG
AS204308,AEP Pluckhahn Netze GmbH
AS204310,Synergies GmbH
AS204349,ALDI International Services SE & Co. oHG
AS204368,Joerg Suenram trading as it NGO GmbH & Co. KG
AS204381,Deutsche Leasing AG
AS204400,Lex-Com Informationssysteme GmbH
AS204445,DB Systel GmbH
AS204464,Justin Franke
AS204487,Fabio Tomas
AS204506,Thilo Mohri
AS204527,bejuno GmbH
AS204591,AMALYZE AG
AS204612,Muhr und Bender KG
AS204625,"Hilko Boecker trading as ""Boecker Elektronik"""
AS204636,Saarland-Sporttoto GmbH
AS204646,web2objects GmbH
AS204653,Blendbyte GmbH
AS204672,stadtwerker Versorgungs GmbH
AS204673,LabKom Biochemische Dienstleistungen GmbH
AS204676,Paul Meyer
AS204680,Karlsruhe Institute of Technology
AS204681,Kampmann Group GmbH
AS204702,Deutsche Windtechnik GmbH & Co. KG
AS204704,primeLine Solutions GmbH
AS204723,HaCon Ingenieurgesellschaft mbH
AS204724,ALDI International Services SE & Co. oHG
AS204742,Bitarray GmbH
AS204750,Leon-Alexander Bernhardt
AS204762,Ayedo Cloud Solutions GmbH
AS204768,Moritz Bergander
AS204796,Krones AG
AS204867,Lightning Wire Labs GmbH
AS204877,Kupper IT GmbH
AS20488,Clemens Schrimpe
AS204881,GREEN IT GmbH
AS204883,Oliver Koehl
AS204911,Digitale Partizipation e.V.
AS204924,EWERK DIGITAL GmbH
AS204965,Med360Grad SE
AS204977,GLEICH Aluminium GmbH
AS204989,Rekers Digitaltechnik Beteiligungsgesellschaft mbH trading as Rekers Digitaltechnik GmbH & Co.KG
AS205020,DataGrid Network GmbH
AS205033,Stadt Regensburg
AS205037,Kisters AG
AS205042,FELKATEC Software GmbH & Co. KG
AS205046,FZI Forschungszentrum Informatik
AS205050,Hubert Niewels GmbH
AS205094,Tivon Haeberlein
AS205100,F3 Netze e.V.
AS205103,Telegraph42 Management GmbH
AS205112,PHILUNET GmbH
AS205115,AVACOMM Systems GmbH
AS205137,Ernsting's media GmbH
AS205154,Internetmanufaktur Karlsruhe UG (haftungsbeschraenkt)
AS205165,Christian Dresel
AS205184,Adjust GmbH
AS205208,Tjado Maecke
AS205214,Hrvoje Cavrak
AS205240,Jan Wilke Ackerstaff
AS205242,ALSO International Services GmbH
AS205249,telenetwork AG
AS205272,Musarubra Germany GmbH
AS205287,Konica Minolta Business Solutions Europe GmbH
AS205291,badata GmbH
AS205310,Beiersdorf Shared Services GmbH
AS205321,Medialine Communications GmbH
AS205356,SAP SE
AS205365,Matthias Fetzer
AS205366,Drees & Sommer SE
AS205376,Dirk Meyer
AS205382,Nuernberger Wach- und Schliessgesellschaft mbH
AS205390,TectiQom Information Technology GmbH
AS205411,WIIT AG
AS205425,CTS Eventim Solutions GmbH
AS205427,i22 Digitalagentur GmbH
AS205435,GISA GmbH
AS20546,SOPRADO GmbH
AS205477,Sennheiser Electronic SE
AS205487,DGN Deutsches Gesundheitsnetz Service GmbH
AS205496,FIS-ASP Application Service Providing & IT-Outsourcing GmbH
AS205497,PAYBACK GmbH
AS205505,Volkswagen Financial Services AG
AS205519,Damovo Deutschland GmbH & Co. KG
AS205530,DE-CIX Management GmbH
AS205542,Datahaus GmbH
AS205543,Gigahertz GmbH
AS205571,Andreas Wilmschen
AS205582,LKG Lausitzer Kabelbetriebsgesellschaft mbH
AS205591,Alyx Funken
AS205597,Christian Frost
AS20561,Schaeffler Technologies AG & Co. KG
AS205612,Tresides Asset Management GmbH
AS205614,Medialine EuroTrade AG
AS205627,Daimler Truck AG
AS205634,Prime Formation GmbH
AS205660,CGM IT Solutions & Services GmbH
AS205666,ACP IT Solution AG
AS205675,Hybrid Adtech GmbH
AS205691,KADSOFT GmbH
AS20570,Telekom Deutschland GmbH
AS205703,Stadtwerke Teterow GmbH
AS20572,Giesecke & Devrient GmbH
AS205731,Jamal Mireku trading as Chainserv
AS205740,Alexander Doerr
AS205741,mitteldeutsche IT GmbH
AS205758,xTom GmbH
AS205764,Gesundheit Nord Klinikverbund Bremen gGmbH
AS205769,Mainzer Breitband GmbH
AS205790,DCSO Deutsche Cyber-Sicherheitsorganisation GmbH
AS205791,SONNABEND GmbH
AS205806,Stadtwerke Neustrelitz GmbH
AS205807,Essener Systemhaus
AS205831,net.de AG
AS205840,Fonecloud GmbH
AS205843,AR Media Service GmbH
AS205844,Stadtwerke Schorndorf GmbH
AS205848,Dominik Pohl
AS205854,Euchner GmbH + Co. KG
AS205868,recast IT GmbH & Co. KG
AS205869,GASCADE Gastransport GmbH
AS20588,Forschungsverbund Berlin e.V.
AS205881,MAN Truck & Bus SE
AS205887,ITVT Carrier GmbH
AS205890,ETES GmbH
AS205908,wareconsult Verwaltungs GmbH trading as wareconsult GmbH & Co. KG
AS205931,Guenther Direct Services GmbH
AS20594,Atos Information Technology GmbH
AS205948,creoline GmbH
AS205969,Peter Hessler
AS206028,Datenreisen UG
AS206058,Dalchandra Sharma
AS206063,CompuGroup Medical Deutschland AG
AS206075,Hollander & Jacobsen UG (haftungsbeschraenkt)
AS206080,inovex GmbH
AS206138,planet 33 AG
AS206141,Duisburger Versorgungs- und Verkehrsgesellschaft mbH
AS206149,R+V Allgemeine Versicherung Aktiengesellschaft
AS206161,Val Steinger
AS206196,Stadtwerke Lutherstadt Eisleben GmbH
AS20621,PlusServer GmbH
AS206211,DEUTZ AG
AS206231,netlogix GmbH & Co. KG
AS206236,default gateway UG (haftungsbeschraenkt)
AS206240,pdv-systeme Sachsen GmbH
AS206266,HanseMerkur Krankenversicherung AG
AS206272,Bluvisio GmbH
AS206274,HDI AG
AS206285,GERRY WEBER International AG
AS206293,proIO GmbH
AS206303,IT Heinrich GmbH
AS206313,Freifunk Nordwest e. V.
AS20633,Johann Wolfgang Goethe-Universitat Frankfurt am Main
AS206339,ANDRITZ Schuler Pressen GmbH
AS206341,Stadt Dortmund
AS206356,Freifunk Essen e.V.
AS206374,INNEO Solutions GmbH
AS206384,"Christian Scholz, trading as Netchron IT Services"
AS206394,CeGaT GmbH
AS20640,Titan Networks Internet & Telecommunications Service Providing GmbH
AS206423,binsec systems GmbH
AS206437,NSSLGlobal GmbH
AS206441,Hoyer GmbH Internationale Fachspedition
AS20647,IPB Internet Provider in Berlin GmbH
AS206470,Menzel IT GmbH
AS206480,Jens Link
AS206497,SYScon GmbH Systeme plus Consulting
AS206506,Markus Witt
AS20653,M&L Systems GmbH
AS206549,RTL2 FERNSEHEN GMBH & CO. KG
AS206551,Thomas Butter
AS206564,Plus.line AG
AS206583,Synergy Networks GmbH
AS206597,Rational AG
AS206618,Volkswagen AG
AS20676,Plusnet GmbH
AS206761,Lothar Heuer & Andreas Sack GbR
AS20677,imos Gesellschaft fuer Internet-Marketing und Online-Services mbH
AS206775,novomind AG
AS206813,4830.org e. V.
AS206834,Team Internet AG
AS206855,NetTask GmbH
AS20686,Bisping & Bisping GmbH & Co KG
AS206872,ControlExpert GmbH
AS206880,agilimo Consulting GmbH
AS206899,Knauf Information Services GmbH
AS206906,Stadtwerke Speyer GmbH
AS206915,msg systems ag
AS206917,gkv informatik eGbR
AS20694,NMMN GmbH
AS206946,Kai Siering
AS206970,Avira Holding GmbH
AS206978,Stadtwerke Meerane GmbH
AS206990,KADSOFT GmbH
AS206996,ZAP-Hosting GmbH
AS207010,MaTelSo GmbH
AS207048,froxlor GmbH
AS207061,ctrl-s GmbH
AS207077,Michael Krockor
AS207079,Adrian Hiller
AS207110,D e b e k a Krankenversicherungsverein auf Gegenseitigkeit
AS207116,ThyssenKrupp Information Management GmbH
AS207126,Christian Burger
AS207139,New Work SE
AS207160,Factory Campus Verwaltungs-GmbH
AS207180,HCL Technologies Germany GmbH
AS207196,Luca Heidemann
AS207210,Stadtwerke Cottbus GmbH
AS207234,Mobile Breitbandnetze GmbH
AS207243,Miele & Cie. KG
AS207248,VS Qloud Solution GmbH
AS207252,Felix Gassan
AS207253,NetCom BW GmbH
AS207258,Conor Liam Burns
AS207277,IntReal Solutions GmbH
AS207278,Michael Hayler
AS207289,Westfalen Weser Netz GmbH
AS207297,C-24 Gmbh
AS207298,luckycloud GmbH
AS207327,Real TV GmbH
AS207364,ITIS AG
AS20740,Messe Frankfurt GmbH
AS207404,fischerwerke GmbH & Co. KG
AS207408,servinga GmbH
AS207411,Matthias Bauer
AS207417,Bestattungen Eisenmann GmbH
AS207436,Greenfiber Internet & Dienste GmbH
AS207460,running bit GmbH
AS207481,Wurth IT GmbH
AS207486,aov IT.Services GmbH
AS207491,Max Pueschel
AS207498,Expert Mark GmbH
AS207499,ARCWARE GmbH
AS207503,neu-medianet GmbH
AS207510,Luca Strick
AS207530,Timo Schaffert
AS207535,SONEXTIS GmbH
AS20755,net-lab GmbH
AS207572,Stadtwerke Baden-Baden
AS207580,Greenbone AG
AS207584,BEANS Entertainment GmbH
AS207592,"Gesellschaft fuer wissenschaftliche Datenverarbeitung mbH, Goettingen"
AS207596,Dominik Klages
AS207597,DKB Service GmbH
AS207611,Rheinische Friedrich-Wilhelms-Universitaet Bonn
AS207622,Robin Weiligmann
AS207630,Grouplink IT Solutions GmbH
AS20765,Henkel AG & Co KGaA
AS20768,Axel Drogoin
AS207686,Martin Moutarde
AS207695,Mario Kurz trading as LUME Solutions
AS207706,"Hans-Peter Fischer trading as Fischer group SE & Co. KG"""
AS207707,Parts Europe GmbH
AS207716,Antonino Catinello
AS20773,Host Europe GmbH
AS207732,cebe Internet GmbH
AS207741,Frings IT Solutions GmbH
AS207749,Staedtische Werke Ueberlandwerke Coburg GmbH
AS20775,KPS Transformation GmbH
AS207775,BRITA SE
AS207776,EDNT GmbH Energie-Daten-Netzwerk-Technik
AS207781,Marcel Menzel
AS207790,SWN Stadtwerke Neumuenster GmbH
AS207792,Darius Jockel
AS207793,Axians IT Service GmbH
AS207821,IN InternetNord GmbH
AS20783,pop-interactive GmbH
AS207871,Freifunk Duesseldorf e.V.
AS207878,Ambrian Energy GmbH
AS207902,Christian Huber
AS20791,BitPoint AG
AS20792,VISTEC Internet Service GmbH
AS207921,default gateway UG (haftungsbeschraenkt)
AS207940,Dominik Kupschke
AS207943,LSW Netz Verwaltungs-GmbH trading as LSW Netz GmbH & Co. KG
AS207946,HUECK SERVICE GMBH & CO. KG
AS20795,ITM Research GmbH
AS207968,Raphael Romeo Peters
AS207999,regiocom SE
AS208013,wantech gmbh
AS208015,DIE Immobiliengesellschaft mbH
AS208016,The Infrastructure Company GmbH
AS20802,noscito network GmbH
AS208025,RSG Group GmbH
AS208028,Saenger.IO GmbH
AS20805,Gamma Holding GmbH
AS208058,InnoGames GmbH
AS208059,Hermann Lienstromberg
AS208068,Ludwig Moritz Hodiamont
AS20810,Netcom Kassel Gesellschaft fuer Telekommunikation mbH
AS208101,Michael Kloos
AS208106,RZV GmbH
AS208135,Carl Fabian Luepke
AS208146,Igor Scheller
AS208162,Fraunhofer-Gesellschaft zur Foerderung der angewandten Forschung e.V.
AS208163,Stuttgarter Versicherung Holding Aktiengesellschaft
AS208175,TeamViewer Germany GmbH
AS208183,Internetmanufaktur Karlsruhe UG (haftungsbeschraenkt)
AS208187,TeamViewer Germany GmbH
AS208203,Stadtwerke Barmstedt Xtra GmbH
AS208206,EPX Ehrhardt + Partner Xtended GmbH
AS208208,Marco Lingl trading as Cyberse GmbH & Co. KG
AS208218,KoreKontrol Germany GmbH
AS208228,Gemeinnuetzige Gesellschaft der Franziskanerinnen zu Olpe mbH
AS208235,Link2Air GmbH
AS208236,Adrian Reyer
AS208238,HAHN Automation Group Holding GmbH
AS20825,Vodafone West GmbH
AS208262,Stefan Wahl trading as open 7 e.Kfm
AS208290,WIFISAX GmbH
AS20830,The Cloud Networks Germany GmbH
AS208301,Jamie Helmke
AS208321,Sebastian Tobias Reimers
AS208340,Tobias Schramm
AS208342,Stadtwerke Steinburg GmbH
AS208366,Stefan Pattberg trading as DENIC Services GmbH & Co. KG
AS208372,Maerz Network Services GmbH
AS208395,WDZ Wolfsburger Dienstleistungs- und Meldezentrale Gesellschaft mit beschraenkter Haftung
AS208434,Martin Jahn
AS208444,Bringe Informationstechnik GmbH
AS208451,Frederik Garthoff trading as Fernsehhaus Garthoff GbR
AS208452,Sky Deutschland GmbH
AS208454,Jens Zimperfeld
AS208460,Alexander Beck
AS208463,Airbus DS Airborne Solutions GmbH
AS208470,Stadtwerke Goerlitz AG
AS208474,EMC Home of Data GmbH
AS208477,Rolf Schulz
AS208484,EuroSkyPark GmbH
AS20849,CONTINUM AG
AS208500,UPONU GmbH
AS208508,"Landeshauptstadt Dresden, EB IT Dienstleistungen Dresden"
AS208517,Avendis GmbH
AS208527,Wieland-Werke AG
AS208545,sector7 GmbH
AS208549,Christian Ehrig
AS20855,Airdata AG
AS208559,IPB Internet Provider in Berlin GmbH
AS208562,Thorsten Alteholz
AS208571,Vector Informatik GmbH
AS208582,dogado GmbH
AS208606,Stadtwerke Duesseldorf AG
AS208614,Nemsis Technologies GmbH & Co.KG
AS208644,WISAG Dienstleistungsholding SE
AS208653,SIGNAL IDUNA Krankenversicherung a.G.
AS208676,OWH SE i.L.
AS208681,Idealo Internet GmbH
AS208694,LEON AARON TIEKOETTER
AS208702,Joachim Ernst
AS208709,April Faye John
AS208713,Enrico Dominic Straehler
AS208727,Freifunk Kitzingen e.V.
AS208733,Erick Hoffmann
AS208759,nzt.ventures GmbH
AS208763,Alexander Becker trading as Bitflow Development
AS208766,ISS Facility Services Holding GmbH
AS208772,Freifunk Stuttgart e.V.
AS20880,Tele Columbus AG
AS208814,Tilman Schaefers
AS208818,Peter Kolodziej
AS208819,Uwe Zillner trading as Zillner IT
AS208840,F&B Capital GmbH
AS208843,Alpha Strike Labs GmbH
AS208849,Hobby-Wohnwagenwerk Ing. Harald Striewski GmbH
AS208854,Entropia e.V.
AS20886,bn:t Blatzheim Networks Telecom GmbH
AS208868,Claas KGaA mbH
AS208887,Flughafen Stuttgart GmbH
AS208924,CloudKleyer Frankfurt GmbH
AS208927,WILO SE
AS208929,NT Neue Technologie AG
AS208964,Anstalt fuer Kommunale Datenverarbeitung in Bayern (AKDB)
AS208967,CTS Eventim Solutions GmbH
AS208968,Avacon Connect GmbH
AS208974,Internetmanufaktur Karlsruhe UG (haftungsbeschraenkt)
AS208976,FS IT-Systeme GmbH
AS208982,xTom GmbH
AS208985,Niklas Polte
AS208988,Buchholz Digital GmbH
AS208989,MR Datentechnik Vertriebs- und Service GmbH
AS20899,Tick Trading Software AG
AS208994,Pascal Liehne
AS209014,NETGO GmbH
AS20902,DegNet GmbH
AS209034,Happyware Server Europe GmbH
AS209039,Benocs GmbH
AS209040,SeWiKom GmbH
AS209056,Pharmalex GmbH
AS209074,Jonas Breuer
AS209081,HUGO BOSS AG
AS209110,EVEX Deutschland GmbH
AS209114,Luiz Fernando Ribeiro Amaral
AS209122,w&co MediaServices Muenchen GmbH & Co KG
AS209148,Securepoint GmbH
AS209164,Richard Tristan Helmich
AS209169,croit GmbH
AS20918,PI Informatik GmbH
AS209185,Tim Niemeyer
AS209216,Trusted-Service.net GmbH trading as Trusted-Colo GmbH & Co. KG
AS209224,Landesbank Baden-Wuerttemberg
AS209247,ALDI Einkauf SE & Co. OHG
AS209257,Klett IT GmbH
AS209282,we.systems AG
AS209322,secunet Security Networks AG
AS209335,Technical University of Munich
AS209347,FNorden e.V. - Freifunk Hannover
AS209350,Baiersbronn Frischfaser Karton Holding GmbH
AS209379,Pengutronix e.K.
AS209400,KurpfalzTEL GmbH
AS209405,Westfalen Aktiengesellschaft
AS209419,Julian Lannert
AS209427,Nycro UG (haftungsbeschraenkt)
AS209467,Druckhaus Waiblingen Remstal-Bote GmbH
AS209477,Pascal Brieger
AS209480,Smart Weblications GmbH
AS209499,GSI Helmholtzzentrum fur Schwerionenforschung GmbH
AS209509,Servator Consulting GmbH
AS209551,Amisol GmbH
AS209564,CONVOTIS Deutschland GmbH
AS209569,Ali Shah
AS209598,Telekom Deutschland GmbH
AS209610,OCKNet GmbH
AS209620,Dr. Michaelis Consult GmbH
AS209623,GASCADE Gastransport GmbH
AS209632,RIPE NCC ASN block
AS209689,Nexi Germany GmbH
AS209707,P-KOM Telekommunikationsgesellschaft mbH
AS209715,GmuendCOM GmbH
AS209724,Foconis Payment GmbH
AS209729,GPI Service GmbH
AS209740,m3connect GmbH
AS209744,GWS Gesellschaft fuer Warenwirtschafts-Systeme mbH
AS209745,Hannes Eberhardt
AS209781,BASF Digital Solutions GmbH
AS209784,WIFISAX GmbH
AS209793,Solactive AG
AS209800,
AS209824,Georg Kroeber
AS209830,Provinzial Versicherung Aktiengesellschaft
AS209844,level66.network UG (haftungsbeschraenkt)
AS209846,SWP Stadtwerke Pforzheim GmbH & Co. KG
AS209857,WGC-Systems UG (haftungsbeschraenkt)
AS209859,Florian Martin Esser
AS209877,petaFuel GmbH
AS209891,QuarIT GmbH
AS209894,Foerderverein Freie Infrastruktur e.V.
AS209915,trivago N.V.
AS209917,VAG GmbH
AS209935,Capital Excellence GmbH
AS209943,InSyst GmbH
AS209949,Gruelag GmbH
AS209953,Maier Rainer trading as KN Services GmbH & Co. KG
AS209979,sprd.net AG
AS209981,System Crew GmbH
AS209991,LAVEGO AG
AS210035,Stiftung Mathias-Spital Rheine
AS210044,Hamburger Energienetze GmbH
AS210070,Hotsplots GmbH
AS210098,Vectron Systems AG
AS210106,Adrian Hillmann
AS210127,Eurofins NSC IT Infrastructure Germany GmbH
AS210132,
AS210143,Lohnsteuerhilfe Bayern e.V.
AS210183,Design Offices GmbH
AS210198,Christoph Merker
AS210199,Heiko Schabert
AS210214,Patrizia SE
AS210217,VAPS GmbH
AS210226,Windcloud 4.0 GmbH
AS210235,Julian Kuhn
AS210236,CompuNet Systems GmbH
AS21026,Atos Information Technology GmbH
AS210285,MIBRAG GmbH
AS210298,K-net Telekommunikation GmbH
AS210303,Hamburg Port Authority AoeR
AS210304,OCKNet GmbH
AS21032,TELTA Citynetz GmbH
AS210333,Inter Krankenversicherung AG
AS210336,mioso Verwaltungs GmbH
AS210424,Dominik Bender trading as db IT Solutions
AS210437,Sonepar Deutschland Information Services GmbH
AS210438,Kai Jan Kriegel
AS210463,Crytek GmbH
AS210482,Max-Delbrueck-Centrum fuer Molekulare Medizin in der Helmholtz-Gemeinschaft
AS210489,Beyond Relationship Marketing GmbH
AS210521,iks Informations- und Kommunikationssysteme GmbH
AS210537,Kevin Feiler
AS210544,Bundesdruckerei GmbH
AS210558,1337 Services GmbH
AS210561,Q Misell
AS210577,Tobias Manfred Wegner
AS210585,Iso-Chemie GmbH
AS210589,NetCommunity GmbH
AS210596,Konrad-Adenauer-Stiftung e.V.
AS210617,Philipp Kern
AS21063,DAL Deutsche Afrika-Linien GmbH & Co.KG
AS210632,Justin Baasch
AS210653,Bistum Mainz Bischoefliches Ordinariat
AS210711,Planet Technologies UG
AS210729,Markus Wipp
AS210759,Stadt Bremerhaven trading as Betrieb fuer Informationstechnologie Bremerhaven
AS210780,Stadt Wuppertal
AS210785,KAPELAN Medien GmbH
AS210793,Altonetz GmbH
AS210795,Freudenberg SE
AS210796,Bjoern Schleyer
AS21080,pronexon GmbH
AS210803,Nuvotex GmbH
AS210804,GKD Gesellschaft fuer komunale Dienstleistungen mbH
AS210819,Netversor GmbH
AS21083,Proact Deutschland GmbH
AS210833,Florian Bauer
AS210849,ITK Rheinland
AS210852,Layer7 GmbH
AS210881,Leo Scherr
AS210887,Yannic Sack
AS210908,Condor Flugdienst GmbH
AS210909,Tutao GmbH
AS210916,Freifunk im Ennepe-Ruhr-Kreis e.V.
AS210937,Xiufeng Guo
AS210941,Markus Schmelter
AS210957,Tobias Schneider
AS210967,indasys IT Systemhaus AG
AS210969,Malek Tellissi
AS210994,Relaxdays GmbH
AS211007,Netz Leipzig GmbH
AS211023,KStA Medien Business Services Verwaltungs GmbH t/a KStA Medien Business Services GmbH & Co. KG
AS211069,EGT-Kommunikationstechnik UG
AS211075,Zweckverband fuer Rettungsdienst und Feuerwehralarmierung Saar
AS211083,ServerGurus UG
AS211088,Jan Ahlert
AS211095,Media Broadcast Satellite GmbH
AS211115,MaibornWolff GmbH
AS211144,Wacker Chemie AG
AS211170,Stromnetz Berlin GmbH
AS211187,GLS IT Services GmbH
AS211207,Lewin Steiner
AS211255,J. Schmalz GmbH
AS211280,GFIS GmbH
AS211286,Tobias Fiebig
AS211296,LIT AG
AS211301,Collin Schneeweiss trading as Unesty Company
AS211319,zafaco GmbH
AS211331,Wirtgen GmbH
AS211357,ANTEC Servicepool GmbH
AS211364,Henning Surmeier
AS211370,Clara Val Engler
AS211417,ERNW Enno Rey Netzwerke GmbH
AS211428,Keyfinanz Gesellschaft mbH
AS211447,Vitra IT Services GmbH
AS211479,Ember Keske
AS211483,Continental AG
AS211498,Calvin Caris
AS21150,Atos Information Technology GmbH
AS211507,Julian Achter
AS211525,innoVee GmbH
AS211547,Cedgetec GmbH
AS211568,DPD Deutschland GmbH
AS211573,William Scott
AS211579,Laura Hausmann
AS21158,Maximilian Baehring
AS211581,Zion Boetzel
AS211586,dirk steingaesser
AS211600,SECUPAY AG
AS21161,Bechtle AG
AS211626,Andrea Adapa
AS211635,Stefan Nagel
AS211643,six point media GmbH
AS211645,SERVICE plus GmbH
AS211651,Landeshauptstadt Stuttgart
AS211656,Kuehne + Nagel (AG & Co.) KG
AS211657,Antec-Kabel GmbH
AS211664,Q-MEX Networks GmbH
AS211671,Peter Hurtenbach
AS211688,Julius Wolff
AS211690,Thomas Soo trading as flessio
AS2117,European Southern Observatory
AS211715,Christian Vonderstein
AS211727,Horst Bode Import-Export GmbH
AS21173,LANtana GmbH
AS211751,SYSTAVO GmbH & Co. KG
AS211752,Eurofiber Netz GmbH
AS211768,INTAC Services GmbH
AS211784,BEIT GmbH
AS21180,Bayer AG
AS211800,Barmherzige Brueder Trier gGmbH
AS211820,Evotec SE
AS211823,Abuntis Verwaltungs GmbH
AS211873,Stadtwerke Merseburg GmbH
AS211897,CHG-MERIDIAN AG
AS211907,Benedikt Daniel Brenner
AS211909,Hope Media Europe e.V.
AS21192,dpa Deutsche Presse-Agentur GmbH
AS211920,MessageFlow.com GmbH
AS211939,Patrick Bestek
AS211941,UnternehmerTUM GmbH
AS21197,Rohde & Schwarz GmbH & Co. KG
AS211972,Marc Schulz-Narres
AS21198,Jessen + Lenz - Computerentwicklungs- und Vertriebs GmbH
AS212033,EnBITCon GmbH
AS212038,ACTICO GmbH
AS212039,GLS IT Services GmbH
AS212044,Sven Heim
AS212049,Jonathan Nebel
AS21207,E.ON Verwaltungs GmbH
AS212085,Alexander Bruegmann
AS212094,Andre Schmidt
AS212120,Tom Herbers
AS212148,synaforce GmbH
AS212181,EDEKA Suedbayern Beteiligungsgesellschaft mbH
AS212185,Delos Cloud GmbH
AS212225,Roedl Audit GmbH Wirtschaftsprufungsgesellschaft
AS212228,servinga GmbH
AS212245,Stephanie WILDE-HOBBS
AS212246,INDUSYS Verwaltungs GmbH
AS212257,TakeASP AG
AS212290,ON DIGITAL Verwaltungs GmbH trading as ON DIGITAL GmbH & Co. KG
AS212297,Serviceware SE
AS212302,Codamic AG
AS212317,Hetzner Online GmbH
AS212320,Xecuro GmbH
AS21234,GRENKE Service GmbH
AS212341,"Stephan Rakowski, trading as CSN-Solutions GmbH"
AS21235,ADVANCED Systemhaus GmbH
AS212367,EAM Netz GmbH
AS212382,Rosneft Deutschland GmbH
AS212403,Robert-Bosch-Krankenhaus GmbH
AS212412,AVD Wirtschaftsdienst GmbH
AS212415,Simon Brecht
AS212440,Devguard GmbH
AS212472,"Christian Stuellenberg, trading as Engelsing, Bernd und Stuellenberg, Christian GbR"
AS212495,Tobias Heinlein
AS212509,ONENEO GmbH
AS212519,WisCom Praxis- und Krankenhaus-Service GmbH
AS212520,David Tatlisu
AS212522,ISP Service eG
AS212567,Freie Netze Muenchen e.V.
AS212582,beON consult GmbH
AS212583,FOCUSNET GMBH
AS212586,FlixHost GmbH
AS212587,Gemeinsame Kommunale Datenzentrale Recklinghausen Zweckverband
AS212596,Bastian Schlecht
AS212603,PAYONE GmbH
AS212613,Gemeindewerke Nuembrecht GmbH
AS21263,TeleData GmbH
AS212672,Kurtz Holding GmbH
AS212688,in.sec GmbH
AS212691,Aron Strecker
AS212693,Cable 4 GmbH
AS212710,TeamViewer Germany GmbH
AS212737,Alexander Detzen
AS212739,Energie Ziegler GmbH
AS212745,mailcommerce GmbH
AS212746,Daniel Rieper
AS212794,SAP SE
AS212795,Fraunhofer-Gesellschaft zur Foerderung der angewandten Forschung e.V.
AS212799,Net1 GmbH
AS212820,axilaris GmbH
AS212871,SouverIT UG
AS212886,Audience Serv GmbH
AS212894,vio:networks GmbH
AS212895,Johannes Ernst
AS212943,Systec Computer GmbH
AS212952,SachsenEnergie AG
AS212961,Jungheinrich AG
AS212966,Markus Wolf
AS212989,Freifunk Regensburg e.V.
AS213027,infra.run Service GmbH
AS213033,Maximilian Koerkemeyer
AS213036,Sven Wagner
AS213062,Helios Kliniken GmbH
AS213064,Carsten Wolfrum
AS213068,Karlsruhe Institute of Technology
AS213087,H&R InfoTech GmbH
AS213097,roots at eifel e.V.
AS213118,indis Kommunikationssysteme GmbH
AS213125,Telit Wireless Solutions GmbH
AS213126,Marcel Neufeld trading as Hostishere
AS213141,B. Braun Melsungen AG
AS213151,Christian Elsen
AS213162,SVA System Vertrieb Alexander GmbH
AS213200,Ferdinand Zink trading as Tube-Hosting
AS213204,Vanessa Gaube
AS213209,TST GmbH
AS213211,Randy Sieber
AS213230,Hetzner Online GmbH
AS213238,Bundesministerium des Innern und fuer Heimat
AS213249,Robert Dahlhoff
AS213250,Dominic Scholz trading as ITP-Solutions GmbH & Co. KG
AS213251,Marcel Andrew Zaiser trading as Metaliance ISP Systems e.k
AS213273,OSISM GmbH
AS213275,Die Autobahn GmbH des Bundes
AS213281,Greenfiber Internet & Dienste GmbH
AS213283,Bundesministerium des Innern und fuer Heimat
AS213292,Arnold Okkel
AS213297,Jan Weltmeyer
AS213299,inexogy GF GmbH trading as inexogy smart metering GmbH & Co. KG
AS213300,"accompio SmarTec GmbH"""
AS213305,Simsalasim Germany GmbH
AS213312,Batobajo Holding GmbH
AS213314,WallCloud GmbH
AS213319,Gesellschaft fuer Digitale Werte mbH
AS213335,AIDA Cruises - German Branch of Costa Crociere S.p.A.
AS213341,Johannes Erwerle
AS213342,Adrian Pistol
AS213358,BITMARCK GmbH
AS21336,INFORENT GmbH
AS213386,Jonathan Broering
AS213392,Tan Siewert
AS213416,Timo Schirmer
AS213422,Peter Lehmann
AS213423,Lukas Hagen
AS213425,noscito network GmbH
AS213426,Danny Lotz
AS213449,Jann-Ole Wagenaar
AS213472,Dr. Josef Koehr
AS213512,Lorenz Knak trading as IT-adjutor GmbH
AS213518,Next Kraftwerke GmbH
AS213527,Lorenz Knak trading as IT-adjutor GmbH
AS21355,dbh Logistics IT AG
AS213566,Bayerische Versorgungskammer
AS213579,Leon Hubrich
AS213587,Computacenter Management GmbH trading as Computacenter AG & Co.oHG
AS213589,CryptoMagic GmbH
AS213641,Pascal Van der Poel
AS213648,Yorizon Verwaltungs GmbH
AS213661,BeastHost UG
AS213674,Manuel Kuklinski
AS213726,EFS Euro-Finanz-Service Vermittlungs AG
AS213735,Rackspace Germany GmbH
AS213736,Zantan GmbH
AS213740,Rackspace Germany GmbH
AS213748,Minh Nguyen
AS213764,Jonas Dallmann Hoeke
AS213768,Thomas Neumann
AS213815,Wacker Chemie AG
AS21382,ARD ZDF Deutschlandradio Beitragsservice
AS213842,Patrick Westenberg trading as Westenberg + Kueppers GbR
AS21385,Trusted Network GmbH
AS213850,Justin Harth
AS213925,Rabb IT Solutions GmbH
AS213928,Johannes Bauch
AS213939,Steffen Schiffel GmbH
AS213973,BCIX Management GmbH
AS213985,Rhein-Medial GmbH
AS213986,Nexspace TradeCo I GmbH
AS213997,Yannik Roedel
AS214002,WIIT AG
AS214014,Stadt Straubing
AS214019,FlixHost GmbH
AS214033,NOAH FINLEY WOLF
AS214068,Grundvest Innovative IT GmbH
AS214093,VIZYOU Solutions GmbH
AS21413,Envia Tel GmbH
AS214138,Julian Kempf trading as Host-Zentrum
AS214197,virtion GmbH
AS214223,Luis Jakob Bartel
AS214239,ambiFOX GmbH
AS214243,Marc Fischer
AS214278,proALPHA Group GmbH
AS214289,e.-business GmbH
AS214291,Nico Laeser
AS214292,DE-CIX Management GmbH
AS214316,TWE Digital Verwaltungs- GmbH trading as TWE Digital GmbH & Co. KG
AS214319,blackpoint GmbH
AS214339,SRV.RENT UG (haftungsbeschraenkt)
AS214398,Siemens Energy Management GmbH trading as Siemens Energy Global GmbH & Co. KG
AS214401,maincubes one GmbH
AS214403,Layer7 Networks GmbH
AS214405,Eyeo GmbH
AS214408,Alexander Rudolf Wuerstlein
AS214410,Stadtwerke Waldkirch GmbH
AS214428,Elias Zeidler
AS214450,Oliver Lutz
AS214459,BEW Bergische Energie- und Wasser GmbH
AS214493,Lilly Sell
AS214513,Raven Catherine Zameitat
AS214517,Simon Metzger
AS214533,Sebastian Fenske
AS214554,mgm technology partners GmbH
AS214556,Vexura UG (Haftungsbeschraenkt)
AS214568,"Stadt Augsburg - Amt fur Digitalisierung, Organisation und Informationstechnik"
AS21458,KfW Kreditanstalt fur Wiederaufbau
AS214585,IBM Deutschland GmbH
AS214598,envaro UG
AS214628,WestfalenWIND IT GmbH & Co KG
AS214646,Mira Jin Heinrich
AS214651,ISCAR Germany GmbH
AS21467,mecom Medien-Communikations-Gesellschaft mbH
AS214684,Wacker Chemie AG
AS21473,PFALZKOM GmbH
AS21476,all-connect Data Communications GmbH
AS214778,raebbit networks GmbH
AS214784,Marc Ernstberger
AS214792,Hamburger Hochbahn AG
AS214840,Julian Keck
AS214844,Chemnitzer StudentenNetz KdoeR
AS214862,Jonas Bootsmann
AS214865,Falco Nordmann
AS214895,bit datacenters GmbH
AS214906,Cedric Hammes
AS214915,Jan Smyrek
AS214928,Jan Martin Lingelbach
AS214932,Mawacon GmbH
AS214953,Marcel Rickl
AS214958,Emil Jakob Bruecher-Herpel
AS214971,Jann Mietzner
AS214985,DMC24 Marketing und Dienstleistungs GmbH
AS21499,Host Europe GmbH
AS214996,netcup GmbH
AS214999,Christian Wolfseher
AS215004,Sebastian Bruechner
AS215010,ZOLL Medical Deutschland GmbH
AS215051,Damian Chlebda
AS215061,D-Trust GmbH
AS215064,Xecuro GmbH
AS215080,Jana Amelie Steuernagel
AS215093,Niklas Wecker
AS215110,Jan Hill
AS215134,Lucas Pape
AS215137,Unikraft GmbH
AS215147,Schleyer-EDV UG
AS215163,Lennart Seitz
AS215185,Entropia e.V.
AS215197,Zero Services GmbH
AS215218,Terrera AG
AS215236,Julian Huhn
AS215250,Tobias Fiebig
AS215258,Jugendpresse Hessen e.V.
AS215275,Stadtwerke Luebeck Digital GmbH
AS215293,WorkSimple GmbH
AS215310,Pfcloud UG (haftungsbeschrankt)
AS215341,Host-On Service Provider GmbH
AS215344,connect2 GmbH
AS215365,Tom Gewiese
AS215372,KIProtect GmbH
AS215375,Luca Nowak
AS215389,Christian Maximilian Kaczynski
AS215392,Medizinische Universitaet Lausitz Carl Thiem
AS215431,Universitaetsklinikum Bonn
AS215444,MOA Group GmbH
AS215459,Pascal Kutscha
AS215466,Benedikt Riedel
AS215482,Celos Computer GmbH
AS215500,Isabelle Kleinheuer
AS215509,Nico Boehr
AS215517,Tim Weippert
AS215518,AE Technology Services Germany GmbH
AS215547,Megaspace Internet Services GmbH
AS215556,Dresden-IT GmbH
AS215561,Stefan Eikenbusch
AS215562,Andreas Palm
AS215563,Lukas Buttler trading as Luke IT consulting
AS215569,Florian Bach
AS215576,Marcel Bachmann trading as IT-BACHMANN
AS215606,Michael Sebastian Schinzel trading as IP-Projects GmbH & Co. KG
AS215607,dataforest GmbH
AS215641,Modell Aachen GmbH - Interaktive Managementsysteme
AS215649,Noel David Georg trading as SN-TUX
AS215666,Nicklas Haken
AS215681,Lea Dickmann
AS215685,Maik Sussdorf
AS215738,Julian Tiedke
AS215741,detacon GmbH
AS215756,C. H. Schmitz Beteiligungsgesellschaft mbH trading as Schmitz-Werke GmbH & Co. KG
AS215770,TransnetBW GmbH
AS215775,StarTUP Holding GmbH
AS215778,Alpha Strike Labs GmbH
AS215787,TELE90 Telecom GmbH
AS215792,Stadtwerke Neuwied GmbH
AS215828,"Tizian Maxime Weigt trading as ""TMW Global Networks"""
AS215835,MAIT Germany GmbH
AS215837,Wolf-Steve Niebuhr
AS215849,Tristan Klock
AS215859,Hetzner Online GmbH
AS215866,ACP IT Solutions AG
AS215876,Stadtwerke OELSNITZ/V. GmbH
AS215879,MAHLE International GmbH
AS215960,Hollander & Jacobsen UG (haftungsbeschraenkt)
AS215986,Bayer 04 Leverkusen Fussball GmbH
AS215992,MCS GmbH
AS215996,TelemaxX Telekommunikation GmbH
AS215998,enum GmbH
AS216041,Niclas Mueller trading as Mueller IT GmbH u. Co. KG
AS216063,24fire GmbH
AS216065,Florian Meissner
AS216067,BHS Solutions GmbH
AS216078,Liam Kremer
AS216079,Julian Gerhardt
AS216081,Paulo Gobbato trading as Gobbato IT Loesungen
AS216094,Fiber Network WUG GmbH
AS216134,ZF Friedrichshafen AG
AS216152,Dannemann Cigarrenfabrik GmbH
AS216188,Bieber IT GmbH
AS216219,Ken Madlehn
AS216233,Lucas Neuber
AS216260,MAIK WILHELM
AS216262,Amber Light GmbH
AS216267,Eric Zauche
AS216277,DHV e-net GmbH
AS216282,TWS Netz GmbH
AS216296,Mark Stotz
AS216331,Tralios IT GmbH
AS216333,NetDev UG (haftungsbeschraenkt)
AS216351,Jadyn Emma Jaeger
AS216387,abc Information GmbH Kommunikation und Beratung
AS216398,Hasso Plattner Institut fuer Digital Engineering gGmbH
AS216401,Marcel Koeppel
AS216403,Sanecum Digital Services GmbH
AS216404,thyssenkrupp Information Management GmbH
AS216427,Andreas Duering
AS216451,Daten- und Telekommunikations GmbH Dessau
AS216459,Marketing Mind Online GmbH
AS24603,Ulf Kieber
AS24606,Finanz Informatik GmbH & Co. KG
AS24632,Markus Rosignol
AS24635,Syntax Service GmbH
AS24637,WEBDISCOUNT GmbH & Co. KG
AS24639,InfraServ GmbH & Co.Hoechst KG
AS24640,BS Web Services GmbH
AS24657,Dokumenta AG
AS24679,kyberio GmbH
AS24764,m.a.x. Informationstechnologie AG
AS24766,GBC GmbH Internet Service Center Ingenieurgesellschaft fuer Systemsoftware und Kommunikationstechnik
AS24786,ProSiebenSat.1 Tech & Services GmbH
AS24833,LBS Landesbausparkasse NordWest
AS24836,Klaus Kasimirek trading as Kasimirek IT Consulting
AS24840,NICOS AG
AS24845,"Landeshauptstadt Muenchen, it@M"
AS24861,SITS Deutschland GmbH
AS24868,Bauer Systems KG
AS24898,NorthC Deutschland GmbH
AS24909,TIMOCOM GmbH
AS24926,Heidelberger Druckmaschinen Aktiengesellschaft
AS24939,ivv Informationsverarbeitung fuer Versicherungen GmbH
AS24940,Hetzner Online GmbH
AS24956,Gaertner Datensysteme GmbH & Co. KG
AS24961,WIIT AG
AS24978,Telenec Telekommunikation Neustadt GmbH
AS24989,Equinix (Germany) GmbH
AS24993,netzhaus aktiengesellschaft
AS25038,Alfred Schruff trading as AIXTRANET
AS25039,Linde GmbH
AS25058,CMO Internet Dienstleistungen GmbH
AS25063,S.WERK GMBH
AS25068,Konica Minolta Business Solutions Europe GmbH
AS25074,PlusServer GmbH
AS25081,Heidelberg IT Management GmbH & Co.KG
AS25102,CompAct GmbH Computer und Kommunikation
AS25109,HUK-COBURG VVaG
AS25115,DIEHL Informatik GmbH
AS25167,"Oliver Knapp trading as ""TuK Datentechnik"""
AS25220,equada network GmbH
AS25245,Realtech AG
AS25260,QualityHosting AG
AS25276,ITMedia GmbH
AS25279,Treml+Sturm Datentechnik GmbH
AS25291,SysEleven GmbH
AS25394,MK Netzdienste Verwaltungs GmbH trading as MK Netzdienste GmbH & Co. KG
AS25411,Ertel & Friends Multimedia GmbH
AS25415,ADDIX GmbH
AS25419,Meyle+Mueller GmbH+Co. KG
AS25432,Infineon Technologies AG
AS25481,SYCOR GmbH
AS25486,AirAccess GmbH trading as Lightup Network Solutions GmbH & Co. KG
AS25504,Vautron Rechenzentrum AG
AS25516,init AG fuer digitale Kommunikation
AS25538,Internet Ulm/Neu-Ulm e.V.
AS25560,rh-tec Business GmbH
AS25579,SKYTRON Communications GmbH & Co KG
AS2773,Deutsche Telekom AG
AS2792,Deutsche Telekom AG
AS2822,Henry Schaefer
AS2857,Johannes Gutenberg-Universitaet Mainz
AS28674,ITERGO Informationstechnologie GmbH
AS28676,WITCOM Wiesbadener Informations- und Telekommunikations GmbH
AS28693,KHS GmbH
AS28701,vertical IT-Service GmbH
AS28714,Fraunhofer-Gesellschaft zur Foerderung der angewandten Forschung e.V.
AS28731,Intrabit GmbH
AS28748,Marc Pauls (AlphaCron Datensysteme)
AS28753,Leaseweb Deutschland GmbH
AS28756,European Patent Organisation
AS288,European Space Agency (ESA)
AS28801,Hotel Reservation Service Robert Ragge GmbH
AS28876,suec // dacor GmbH
AS28879,CECONOMY AG
AS28902,Bigpoint GmbH
AS28932,GfK GmbH
AS28940,Deutsche Gesellschaft fuer Internationale Zusammenarbeit (GIZ) GmbH
AS28961,C&A Services GmbH & Co. OHG
AS28979,dm-drogerie markt GmbH + Co. KG
AS29008,Niedermayr IT GmbH
AS29014,ScaleUp Technologies GmbH & Co. KG
AS29018,trivago N.V.
AS29042,Hermes Europe GmbH
AS29066,velia.net Internetdienste GmbH
AS29088,Bayer AG
AS29105,Barmenia Krankenversicherung a.G.
AS29108,Leitwert GmbH
AS29140,Hostserver GmbH
AS29141,Bradler & Krantz GmbH & Co. KG
AS29145,Centaur GmbH
AS29178,PHONONET GmbH
AS29224,Hellmann Worldwide Logistics GmbH & Co KG
AS29236,Schweickert GmbH
AS29239,I-NetPartner GmbH Online Services
AS29259,IABG Teleport GmbH
AS29298,SUSE Software Solutions Germany GmbH
AS29308,Cerner Health Services Deutschland GmbH
AS29316,oh22systems GmbH
AS29317,Sascha Lenz
AS29341,"Guido Werner trading as ""wel.de Internet Service Provider e. K."""
AS29373,Weiss-Druck GmbH & Co. KG
AS29394,Toni Mueller trading as oeko.net Toni Mueller IT
AS29404,Elbracht-Computer Netzwerk & Grafik Service GmbH
AS29408,Gustav Alberts GmbH & Co. KG
AS29413,KOMRO Gesellschaft fuer Telekommunikation mit beschraenkter Haftung
AS29423,gridscale GmbH
AS29471,WebJanssen ISP ltd & Co KG
AS29484,Ruhr-Universitaet Bochum
AS29487,Pfizer Manufacturing Deutschland GmbH
AS29494,Messe Duesseldorf GmbH
AS29505,Stadtwerke Luebeck Digital GmbH
AS29507,WHEELS Logistics GmbH & Co. KG
AS29510,internett GmbH
AS29515,Hessische Zentrale fuer Datenverarbeitung
AS29551,Aixit GmbH
AS29624,Krick Management GmbH trading as iWelt GmbH + Co. KG
AS29627,Saechsische Aufbaubank - Foerderbank
AS29658,HeureCom GmbH
AS29670,"Individual Network Berlin (""IN-Berlin"") e.V."
AS29682,Landeskreditbank Baden-Wuerttemberg - Foerderbank
AS29686,Jonas Frey trading as Probe Networks
AS30083,velia.net
AS30742,Bremen Briteline GmbH
AS30766,GGew net GmbH
AS30774,Gerhard Oppenhorst
AS30787,Jumo GmbH & Co. KG
AS30791,za-internet GmbH
AS30800,Infor (Deutschland) GmbH
AS30823,aurologic GmbH
AS30825,Schwartauer Werke GmbH & Co. KG
AS30915,Liebherr-IT Services GmbH
AS30941,BEUMER Maschinengesellschaft mbH
AS30962,comtrance service GmbH
AS31007,Andreas Stihl AG & Co. KG
AS31010,Dennis Thomas
AS31025,GHOSTnet GmbH
AS31049,Hydac Technology GmbH
AS31055,Consultix GmbH
AS31078,Alexej Senderkin
AS31098,ASPedi GmbH
AS31103,Keyweb AG
AS31147,Inline Internet Online Dienste GmbH
AS31168,AirAccess GmbH
AS31184,Michael Bussmann
AS31186,Tilman Eins trading as Witte Burotechnik
AS31197,FNH media KG
AS31243,comtrance service GmbH
AS31259,Komsa AG
AS31276,Die Netz-Werker Systemmanagement und Datennetze AG
AS31285,HSBC Trinkaus & Burkhardt GmbH
AS31315,VOLKSWAGEN BANK GmbH
AS31317,AnschlussWerk GmbH
AS31333,Hosting.de GmbH
AS31334,Vodafone GmbH
AS31348,nacura it-SERVICE GmbH & Co. KG
AS31352,Mainova AG
AS31371,Wissenschaftsladen Dortmund e.V.
AS31396,Juliane Holzt
AS31399,Mercedes-Benz Group AG
AS31400,firstcolo GmbH
AS31438,Stadtwerke Marburg GmbH
AS31451,Thomas King
AS31481,Toyota Deutschland GmbH
AS31517,SkodaAuto Deutschland GmbH
AS31518,"Norddeutscher Rundfunk (NDR), AdoeR"
AS31521,DOM Digital Online Media GmbH
AS31529,DENIC eG
AS31550,DYCKERHOFF GmbH
AS31572,Photonium NetSolutions GmbH
AS31596,Ogilvy GmbH
AS31614,European Central Bank
AS3163,DiemIT GmbH
AS31671,Innowerk-IT GmbH
AS31705,Europaischen Organisation fuer die Nutzung Meteorologischen Satelliten (Eumetsat)
AS31723,Wittenberg-net GmbH
AS31735,UNISERV GmbH
AS3209,Vodafone GmbH
AS3211,Vodafone GmbH
AS3214,xTom GmbH
AS3247,INS GmbH
AS3271,SAP SE
AS3278,SEW-EURODRIVE GmbH & Co KG
AS33171,Stadtfunk gGmbH
AS3320,Deutsche Telekom AG
AS3331,OpenXS GmbH
AS3337,ColocationIX GmbH
AS33806,Comarch AG
AS33808,I.T.E.N.O.S. International Telecom Network Operation Services GmbH
AS33811,Digitas GmbH
AS33814,Rolls-Royce Power Systems AG
AS33824,ConSol Consulting & Solutions Software GmbH
AS33828,iptoX GmbH
AS33832,Blue Ocean Capital GmbH
AS33843,Dr.-Ing. Nepustil & Co. GmbH Internet Service Center Ingenieurgesellschaft fuer Systemsoftware und K
AS33846,Dataport AoR
AS33848,Dr. Ing. h.c. F. Porsche AG
AS33873,Arvato Systems GmbH
AS33891,Core-Backbone GmbH
AS33896,Schiedel GmbH & Co. KG
AS33933,M2Soft GmbH
AS33940,Wichmann IT-Services GmbH
AS33950,LANXESS Deutschland GmbH
AS33984,Surfplanet GmbH
AS33988,Proact Deutschland GmbH
AS34009,Cornelsen Verlag GmbH
AS34011,Host Europe GmbH
AS34015,RheinEnergie AG
AS34086,T-Systems International GmbH
AS34125,Bechtle Managed Service GmbH
AS34127,Flughafen Muenchen GmbH
AS34154,Configo Systems Gesellschaft fuer Systemloesungen mbH
AS34156,DB Systel GmbH
AS34171,snafu Gesellschaft fuer interaktive Netzwerke mbH
AS34172,Evangelische Landeskirche Wuerttemberg
AS34191,DATAGROUP Operations GmbH
AS34193,equinux AG
AS34219,Arche NetVision GmbH
AS34225,SpeedPartner GmbH
AS34240,manitu GmbH
AS34247,Paragon Germany GmbH
AS34256,Betriebsgesellschaft Freizeit- und Sportzentrum Halberstadt mbH
AS34308,Riedel Networks GmbH & Co. KG.
AS34309,Link11 GmbH
AS34372,VegaSystems GmbH & Co. KG
AS34386,SGL Carbon GmbH
AS34396,Aixit GmbH
AS34432,dogado GmbH
AS34439,OBI Smart Technologies GmbH
AS34445,Robert Scheck
AS34453,Wilhelm Burg GmbH trading as Beresa GmbH & Co. KG
AS34457,Generali Deutschland AG
AS34460,PHOENIX International Holdings GmbH
AS34520,Deutsche Forschungsgemeinschaft e.V.
AS34531,B.I.O.S. Technologie-Partner GmbH
AS34548,Zeitfracht Medien GmbH
AS34549,meerfarbig GmbH & Co. KG
AS34564,Gothaer Systems GmbH
AS34568,ConnectingBytes GmbH
AS34591,signal interrupt GmbH
AS34614,Innovie GmbH
AS34624,Megaspace Internet Services GmbH
AS34646,Arne Steinkamm
AS34685,Anders & Ganz GmbH
AS34701,Witzenmann GmbH
AS34722,rku.it GmbH
AS34764,Maurice Funke
AS34788,Neue Medien Muennich GmbH
AS34793,Getriebebau NORD GmbH & Co. KG
AS34834,QUIPU GmbH
AS34854,Maria Merkel
AS34878,Karlsruhe Institute of Technology
AS34895,hostNET Medien GmbH
AS34899,GHOSTnet GmbH
AS34906,AVIANET Network Management GmbH
AS34924,"Pankerl - Media, Florian Pankerl"
AS34928,regio iT gesellschaft fur informationstechnologie mbh
AS34936,Daniel Niewerth
AS34953,RelAix Networks GmbH
AS34966,Ralf Bender
AS34982,Elmos Semiconductor SE
AS34997,InterNetworX Management GmbH
AS35003,Florian Kirstein
AS35039,SAP SE
AS35042,Layer7 Networks GmbH
AS35044,Universal Investment GmbH
AS35053,Frank Gadegast trading as PHADE Software
AS35061,"""RZV"" - RECHENZENTRUM VERDEN GMBH"
AS35062,Teamnet GmbH
AS35065,Leipziger Messe GmbH
AS35117,Verivox GmbH
AS35163,Procter & Gamble Service GmbH
AS35170,InfraLeuna GmbH
AS35205,RFT kabel Brandenburg GmbH
AS35207,Stellar PCS GmbH
AS35208,Kyocera Document Solutions Europe B.V.
AS35227,Hertener Stadtwerke GmbH
AS35242,Thorsten Vogelsang trading as CGI Deutschland B.V. & Co. KG
AS35244,Tele Columbus AG
AS35258,akquinet outsourcing gGmbH
AS35265,EWR AG
AS35292,Martin Kluge
AS35309,Nero AG
AS35321,Nevaris Bausoftware GmbH
AS35366,ISPpro Internet KG
AS35368,DB InfraGO AG
AS35388,B7C GmbH
AS35391,Koerber Technologies GmbH
AS35515,IT-Consult Halle GmbH
AS35536,xTom GmbH
AS35537,xTom GmbH
AS35548,smartTERRA GmbH
AS35618,"Herausgebergemeinschaft Wertpapier-Mitteilungen Keppler, Lehmann GmbH & Co. KG"
AS35657,ciden GmbH
AS35675,Wissenschaftsladen Dortmund e.V.
AS35677,Deutsche Bundesbank
AS35679,Stadtverwaltung Offenbach
AS35684,SHC Netzwerktechnik GmbH
AS35704,ITZBund
AS35710,weber.digital GmbH
AS35721,LBBW Asset Management Investmentgesellschaft mbH
AS35724,Euro-Log AG
AS35739,Bayerischer Rundfunk
AS35803,InterCard AG
AS35833,mpex GmbH
AS3624,Digineo GmbH
AS38914,Deutsche Telekom MMS GmbH
AS38927,Net-Build GmbH
AS38938,SWW Wunsiedel GmbH
AS38943,Knorr-Bremse AG
AS38988,RuhrEnergie GmbH
AS38989,EEX European Energy Exchange AG
AS39035,ResMed GmbH & Co KG
AS39063,Leitwert GmbH
AS39077,Aschendorff Medien GmbH & Co. KG
AS39083,David Froehlich
AS39090,Brandl Services GmbH
AS39100,Stadtverwaltung Pforzheim
AS39151,AXESS Networks Solutions Germany GmbH
AS39170,Lowell Financial Services GmbH
AS39218,Burda Digital Systems GmbH
AS39220,xTom GmbH
AS39227,Corpex Internet GmbH
AS39257,LUMi GmbH
AS39290,METRO Digital GmbH
AS39291,Dominik Schubert
AS39373,Immobilien Scout GmbH
AS39378,servinga GmbH
AS39380,Paul-Ehrlich-Institut
AS39519,WIIT AG
AS39538,DAKOSY Datenkommunikationssystem AG
AS39556,PIN Hosting Europe GmbH
AS39614,Dawico Deutschland GmbH
AS39702,S-IT Verwaltungs GmbH trading as S-IT Informationstechnologie Betreiber GmbH & Co. KG im Nordschwarz
AS39788,Chaos Computer Club e.V.
AS39795,Zeitverlag Gerd Bucerius GmbH & Co. KG
AS39835,goetel GmbH
AS39892,Frank Scholl trading as xpoundit GmbH & Co. KG
AS39913,Manuel Wannemacher
AS40967,BluJay Solutions GmbH
AS40971,NVIDIA ARC GmbH
AS40976,W & W Informatik GmbH
AS40988,SOLVIANS IT-Solutions GmbH
AS40999,dus.net GmbH
AS41086,N-ERGIE Aktiengesellschaft
AS41108,comtrance service GmbH
AS41110,DSLmobil GmbH
AS41163,RIZ IT MOTION GmbH
AS41167,REWE digital GmbH
AS41179,Myra Security GmbH
AS41213,edding AG
AS41289,Deutscher Wetterdienst
AS41293,regio[.NET] GmbH & Co. KG
AS41307,Telepark Passau GmbH
AS41365,Aurubis AG
AS41412,WIIT AG
AS41431,COMback GmbH
AS41451,Dominik Schlueter
AS41457,sourceWAY GmbH
AS41504,arcos informationssysteme GmbH
AS41514,IFM Electronic GmbH
AS41585,ELEMENTMEDIA GmbH
AS41587,TKMS ATLAS ELEKTRONIK GmbH
AS41637,Hosting.de GmbH
AS41692,OpenCarrier eG
AS41698,BFK edv-consulting GmbH
AS41699,MLP Banking AG
AS41700,Festo Management SE
AS41723,Jens Christian Schneeweiss trading as Technische Systemprogrammierung
AS41731,Robert Finze
AS41767,xTom GmbH
AS41821,Optimizely GmbH
AS41926,EBV Elektronik GmbH
AS41941,Mueller Service GmbH
AS41948,Stefan Wahl trading as open 7 e.Kfm
AS41955,SerNet Service Network GmbH
AS41961,Siemens Digital Logistics GmbH
AS41969,Rundfunk Berlin-Brandenburg RBB
AS41981,Flying Circus Internet Operations GmbH
AS41998,NetCom BW GmbH
AS42008,teuto.net Netzdienste GmbH
AS42034,DN-Systems Enterprise Internet Solutions GmbH
AS42035,Vikings GmbH
AS42063,BITMARCK GmbH
AS42166,HanseWerk Natur GmbH
AS42184,TKRZ Stadtwerke GmbH
AS42197,Dresdner Verlagshaus Technik GmbH
AS42215,medien holding:nord gmbh
AS42221,Zurkuhl GmbH
AS42249,TUEV Rheinland Service GmbH
AS42263,WIIT AG
AS42274,Vattenfall Europe Information Services GmbH
AS42290,TelcoVillage GmbH
AS42312,RTL Technology GmbH
AS42335,LUMASERV GmbH
AS42366,TerraTransit AG
AS42390,The Cloud Networks Germany GmbH
AS42442,Adacor Hosting GmbH
AS42464,DER Touristik Immobilien GmbH
AS42562,Fiege Logistik Stiftung & Co. KG.
AS42596,net-and-phone GmbH
AS42605,Ratiodata SE
AS42652,inexio Informationstechnologie und Telekommunikation Gmbh
AS42691,DAVASO GmbH
AS42698,ProMinent GmbH
AS42699,axilaris GmbH
AS42730,EVANZO e-commerce GmbH
AS42777,WISTA Management GmbH
AS42821,K&K Kommunikationssysteme GmbH
AS42840,S.WERK GMBH
AS42856,Elmar K. Bins
AS42873,Max-Planck-Gesellschaft zur Forderung der Wissenschaften e.V.
AS42965,net services Beteiligungsgesellschaft mbH trading as net services GmbH & Co. KG
AS42969,Alpha Strike Labs GmbH
AS42989,ciden GmbH
AS43033,Telio Communications GmbH
AS43043,aurologic GmbH
AS43066,Information und Technik Nordrhein-Westfalen
AS43140,Teleflash GmbH
AS43150,MK Netzdienste Verwaltungs GmbH trading as MK Netzdienste GmbH & Co. KG
AS43155,Stadtwerke Bielefeld GmbH
AS43186,Verivox GmbH
AS43193,Bayerisches Landesamt fuer Steuern
AS43241,Fashion Digital GmbH & Co.KG
AS43243,item Industrietechnik GmBH
AS43292,BITMARCK GmbH
AS43304,TeamViewer Germany GmbH
AS43305,BOEAG Boersen AG
AS43329,ENTIRETEC AG
AS43341,MDlink online service center GmbH
AS43353,Kloepferholz GmbH & Co.KG
AS43354,ZDF Zweites Deutsches Fernsehen
AS43397,items management GmbH trading as 'items GmbH & Co. KG'
AS43455,Schlueter-Systems KG
AS43467,SECOMMERCE GmbH
AS43503,Herbst Datentechnik GmbH
AS43509,Bank-Verlag GmbH
AS43536,NTT Germany Holdings GmbH
AS43566,tyntec GmbH
AS43607,Florian Bach
AS43623,Hessischer Rundfunk
AS43701,STABILUS GmbH
AS43722,AXA Technology Services Germany GmbH
AS43847,"Martin Prager trading as ""NbIServ"""
AS43857,Fraport AG Frankfurt Airport Services Worldwide
AS43868,msg systems ag
AS43897,TECE GmbH
AS43902,SysEleven GmbH
AS43910,Intra2net AG
AS43911,Tom Merlin Eichhorn
AS43978,Atos Information Technology GmbH
AS43980,Lekkerland SE
AS43992,xTom GmbH
AS44003,Alfred Talke GmbH & Co.KG
AS44018,active logistics GmbH
AS44023,european pressphoto agency b.v. Zweigniederlassung Frankfurt
AS44064,ChronoSat GmbH
AS44066,firstcolo GmbH
AS44076,INTAC Services GmbH
AS44131,KZVWL
AS44152,adesso as a service GmbH
AS44156,Winnen Gesellschaft fur Elektro- und Kommunikationstechnik mbH
AS44177,INBW Infrastruktur und Netzwerk Baden-Wuertemberg GmbH
AS44180,ETN Internet GmbH & Co. KG
AS44194,Foerderverein Freie Netzwerke e.V.
AS44207,CIC Creative Internet Consulting GmbH
AS44215,AI Industrial Services GmbH
AS44225,Metaways Infosystems GmbH
AS44227,Stefan Wild
AS44229,nfon AG
AS44231,geobra Brandstaetter Stiftung & Co. KG.
AS44273,Host Europe GmbH
AS44283,TUI InfoTec GmbH
AS44298,Mobene GmbH & Co. KG
AS44335,nocyo GmbH
AS44365,newone GmbH
AS44404,Haufe-Lexware GmbH & Co. KG
AS44409,Dominik Schlueter
AS44415,"""GLOBTEL POLAND"" sp. z o.o."
AS44486,"Oliver Horscht is trading as ""SYNLINQ"""
AS44496,Yves Poirier
AS44499,GRASS-MERKUR GmbH & Co. KG
AS44510,meetyoo conferencing GmbH
AS44545,CREALOGIX BaaS GmbH & Co. KG
AS44569,1api GmbH
AS44599,Fabio Martin trading as FM-Datacenter GmbH & Co. KG
AS44645,PKN GmbH
AS44656,2provide GmbH
AS44700,Haendle & Korte GmbH
AS44716,D-hosting die Rackspace & Connectivity GmbH
AS44780,kyberio GmbH
AS44795,Hughes Network Systems GmbH
AS44819,LB GmbH
AS44833,Hans Peter Groh
AS44880,noris network AG
AS44946,Dembach Goo Informatik GmbH & Co. KG
AS44949,Gigacodes GmbH
AS44973,Rechenzentrum Hassfurt GmbH
AS44974,RegioNet Schweinfurt GmbH
AS44986,Amadeus GmbH
AS45012,dogado GmbH
AS45034,Michael Stenz
AS47138,PLANinterNET GmbH
AS47195,Gameforge 4D GmbH
AS47215,dogado GmbH
AS47261,Mediengruppe Mainpost GmbH
AS47263,Jesse Roehsler
AS47274,Biotronik SE & Co.KG
AS47277,LWLcom GmbH
AS47295,NTT Data Business Solutions Global Managed Services GmbH
AS47297,NetCom BW GmbH
AS47309,q.beyond AG
AS47340,Roche Diagnostics GmbH
AS47347,Vision Consulting Deutschland GmbH
AS47369,ComVision Betreibergesellschaft mbH
AS47372,Bringe Informationstechnik GmbH
AS47409,thinkproject Deutschland GmbH
AS47432,Klinikum Fulda gAG
AS47435,Eschborner Service GmbH
AS47447,23M GmbH
AS47462,Julius Kaiser
AS47487,Transgourmet Deutschland GmbH & Co. OHG
AS47488,BIOS Technologie-Partner GmbH
AS47491,Techem Energy Services GmbH
AS47496,Yuqi Feng
AS47518,Webfleet Solutions Development Germany GmbH
AS47526,handily networks GmbH
AS47536,PathConnect GmbH
AS47540,Wipak Walsrode GmbH
AS47610,RWTH Aachen University
AS47641,Florian Fuessl
AS47661,Deloitte GmbH Wirtschaftspruefungsgesellschaft
AS47696,Atos Information Technology GmbH
AS47700,Georg Thieme Verlag KG
AS47717,C&P Capeletti & Perl Gesellschaft fuer Datentechnik mbH
AS47769,Elektrobau Mulfingen GmbH trading as ebm-papst Mulfingen GmbH & Co. KG
AS47777,Mightycare Solutions GmbH
AS47815,Server-Ware GmbH
AS47826,BENTELER Business Services GmbH
AS47846,SEDO GmbH
AS47897,RED Medical Systems GmbH
AS47937,Tassilo Schweyer
AS48049,Kommunales Rechenzentrum Niederrhein
AS48062,INVERS GmbH
AS48097,nobilia-Werke J. Stickling GmbH & Co. KG
AS48111,Westnetz w.V.
AS48132,RUTRONIK Elektronische Bauelemente GmbH
AS48139,Boyens Medienholding GmbH & Co. KG
AS48145,Securitas GmbH Administration
AS48152,Digital Frankfurt GmbH
AS48153,ORWO Net GmbH
AS48154,Thomas Horx & Christian Wetzig GbR
AS48173,Orange Business Digital Germany GmbH
AS48200,Opteamax GmbH
AS48269,Astralus GmbH
AS48284,SWU TeleNet GmbH
AS48290,Gruenenthal Pharma GmbH & Co. KG
AS48295,Paychex Europe Germany GmbH
AS48303,OVIS IT Consulting GmbH
AS48314,Michael Sebastian Schinzel trading as IP-Projects GmbH & Co. KG
AS48324,webgo GmbH
AS48328,retarus GmbH
AS48344,Sven Wefels
AS48352,LIS Logistische Informationssysteme GmbH
AS48360,Traffics Softwaresysteme fuer den Tourismus GmbH
AS48387,Christian Seitz
AS48425,OEDIV Oetker Daten-und Informationsverarbeitung KG
AS48483,PAYONE GmbH
AS48484,IGN GmbH
AS48519,Knipp Medien und Kommunikation GmbH
AS48543,DATAGROUP BIT GmbH
AS48545,ING-DiBa AG
AS48572,Flughafen Koeln/Bonn GmbH
AS48582,ngena GmbH
AS48585,Clevernet GmbH
AS48596,InterNetworX Management GmbH
AS48646,SDRmedia Verwaltungs GmbH
AS48777,DARC e.V.
AS48778,IHK Gesellschaft fuer Informationsverarbeitung mbH
AS48785,Erdenreich Datentechnik GmbH
AS48821,Mauve Mailorder Software Verwaltung GmbH
AS48823,Hosting.de GmbH
AS48918,Globalways GmbH
AS48927,ESEVEN DevOps GmbH
AS48951,Telekom Deutschland GmbH
AS49009,Freifunk Rheinland e.V.
AS49034,Laudert GmbH + Co. KG
AS49081,GLOBALFOUNDRIES Dresden Module Two LLC & Co.KG
AS49086,12systems GmbH
AS49092,Bayerische Boerse AG
AS49097,Manage Now GmbH
AS49130,SysEleven GmbH
AS49161,Zapp Systems GmbH
AS49220,AirIT Services GmbH
AS49225,Chaos Computer Club Berlin e.V.
AS49234,Bundesministerium des Innern und fuer Heimat
AS49274,Takeda GmbH
AS49275,Samsung SDS Europe Ltd. German Branch Zweigniederlassung Deutschland
AS49294,LEONI AG
AS49296,ITS AG
AS49312,Message Solution GmbH
AS49321,NETGO GmbH
AS49435,INGATE GmbH
AS49436,Stadtwerke Soest GmbH
AS49464,ICF SYSTEMS AG
AS49473,AZV- Suedholstein AoeR
AS49494,CEWE Stiftung & Co. KGaA
AS49499,Industrie und Handelskammer Reutlingen
AS49523,Statkraft Markets GmbH
AS49552,OpenSource Training Ralf Spenneberg
AS49581,Ferdinand Zink trading as Tube-Hosting
AS49585,CoreRoute UG
AS49603,Nerdherrschaft GmbH
AS49609,Intersolute GmbH
AS49639,Kaufmaennische Krankenkasse - KKH
AS49651,ENERCON GmbH
AS49696,ROCT GmbH
AS49697,Joey Julian Koenig
AS49735,ITSMedia GmbH
AS49739,Regionale Kliniken Holding RKH GmbH
AS49745,Kai Siering
AS49756,Der Schleswig Holsteinische Landtag
AS49836,Median Telecom GmbH
AS49855,PLUTEX GmbH
AS49885,INTERSHOP Communications AG
AS49910,Ludigssoft Management GmbH trading as Ludigssoft RZ GmbH & Co. KG
AS49933,Alexander Karl
AS49956,In(n) Energie GmbH
AS49957,HQS High Quality Software GmbH
AS50017,fux eG
AS50030,system.de - System & Project GmbH
AS50034,EURONICS Deutschland eG
AS50050,NU Informationssysteme GmbH
AS50061,PricewaterhouseCoopers GmbH WPG
AS50064,TK Networks GmbH
AS50068,Clue24 GmbH
AS50076,Evident Technology Center Europe GmbH
AS50145,PERI SE
AS50179,d.vinci HR-Systems GmbH
AS50198,SHOP APOTHEKE SERVICE GmbH
AS50216,COLER GmbH & Co. KG
AS50246,360 Treasury Systems AG
AS50307,audio media service Produktionsgesellschaft mbH & Co. KG
AS50324,"Campus, Hofnetz & Events GmbH"
AS50332,SQUILD GmbH
AS50343,New Work SE
AS50372,Planetary Networks GmbH
AS50395,Julian Lannert
AS50407,Douglas Group Technology GmbH & Co. KG
AS50436,Tele Columbus AG
AS50441,Kassenaerztliche Vereinigung Nordrhein
AS50455,Schmersal EOT Holding GmbH
AS50458,Nagarro ES GmbH
AS50462,Wolff & Mueller Holding GmbH & Co KG
AS50469,Peer Kohlstetter trading as Hessenkom GmbH & Co. KG
AS50472,Chaos Computer Club e.V.
AS50495,web2objects GmbH
AS50508,FERRERO MSC GmbH & Co. KG
AS50518,G&L Geissendoerfer & Leschinsky GmbH
AS50524,IBM Deutschland GmbH
AS50533,I.T.E.N.O.S. International Telecom Network Operation Services GmbH
AS50575,Alexej Senderkin
AS50595,Hochschule RheinMain
AS50611,Knipp Medien und Kommunikation GmbH
AS50621,OMG.de GmbH
AS50629,LWLcom GmbH
AS50642,DNCC GmbH
AS50696,EasternGraphics GmbH
AS50768,ICA-NET GmbH
AS50800,SCI Systems GmbH
AS50801,David Froehlich
AS50824,DEKRA AG
AS50873,David Doepelheuer
AS50905,LAND-DATA Beteiligungs GmbH
AS50943,HHLA Hamburger Hafen und Logistik AG
AS50964,civillent GmbH
AS50965,LEONHARD KURZ STIFTUNG & CO. KG
AS51053,Berufsgenossenschaft Verkehrswirtschaft Post-Logistik Telekommunikation (BG Verkehr)
AS51057,nexxtra GmbH
AS51058,Sascha Bielski
AS51061,DECHEMA Gesellschaft fuer Chemische Technik und Biotechnologie e V
AS51114,mbk networks GmbH
AS51127,Wyneken und Schaefer GbR
AS51137,Stadtwerke Saarbrucken GmbH
AS51167,Contabo GmbH
AS51169,Vater Operations GmbH
AS51176,Axians magellan GmbH
AS51191,Core-Backbone GmbH
AS51201,Ahmadiyya Muslim Jamaat Deutschland KdoR
AS51202,NUXOA GmbH
AS51215,Stuttgarter Strassenbahnen AG
AS51224,link-lab GbR Schmidt Waehlisch
AS51324,Exaring AG
AS51364,Peter Cremer Holding GmbH & Co KG
AS51378,Klinikum Ingolstadt GmbH
AS51379,T.CON GmbH & Co. KG
AS51396,Pfcloud UG (haftungsbeschrankt)
AS51401,Arvato Systems GmbH
AS51402,COM-IN Telekommunikations GmbH
AS51417,TBits.net GmbH
AS51483,SaSG GmbH & Co. KG
AS51492,Aquilius Research GmbH
AS51496,Adtran Networks SE
AS51527,Hyundai AutoEver Europe GmbH
AS51531,DE-CIX Management GmbH
AS51576,IP Broadcast GmbH
AS51598,Nehlsen AG
AS51699,Giuliano Schindler
AS51733,BWI GmbH
AS51795,TV1 GmbH
AS51827,LWLcom GmbH
AS51834,KAEMI GmbH
AS51839,qSkills GmbH & Co. KG
AS51861,Eric Dorr
AS51871,F1-CONSULT GmbH & Co. KG
AS51887,FREQUENTIS COMSOFT GmbH
AS51895,Ingo Klein
AS51906,recast IT GmbH & Co. KG
AS51978,WEMACOM Telekommunikation GmbH
AS52001,Christian Rolf Grotrian
AS52012,S-IT Verwaltungs GmbH trading as S-IT Informationstechnologie Betreiber GmbH & Co. KG im Nordschwarz
AS52088,portrix Systems GmbH
AS52112,Gentlent GmbH
AS52113,CONET Deutschland GmbH
AS52158,Rail Power Systems GmbH
AS5401,Daniel Roesen
AS5405,Inter.link GmbH
AS5409,toplink GmbH
AS5430,Wortmann AG
AS5501,Fraunhofer-Gesellschaft zur Foerderung der angewandten Forschung e.V.
AS5517,CSL Computer Service Langenbach GmbH
AS5520,Universitaet zu Koeln
AS5521,PlusServer GmbH
AS553,Universitaet Stuttgart
AS5539,SpaceNet AG
AS5605,NetUSE AG
AS56357,Technical University of Munich
AS56368,Nicola von Thadden
AS56381,level66.network UG (haftungsbeschraenkt)
AS56440,adidas AG
AS56505,FABER-CASTELL AKTIENGESELLSCHAFT
AS56532,Deutsche Gesetzliche Unfallversicherung e.V. (DGUV)
AS56567,Norsitel GmbH
AS56636,Cadence Design Systems GmbH
AS56657,Wessling GmbH
AS56719,Dorfner KG
AS56737,Stadtwerke Flensburg GmbH
AS56748,ciden GmbH
AS56801,"Bundesnetzagentur fuer Elektrizitaet, Gas, Telekommunikation, Post und Eisenbahnen"
AS56813,Schlund Technologies GmbH
AS56863,REIFF Technische Produkte GmbH
AS56876,Ociris GmbH
AS56896,Maple Bank GmbH
AS56919,Continentale Krankenversicherung a.G.
AS56942,Hansa Luftbild Consulting International GmbH
AS56948,Medizinischer Dienst Berlin-Brandenburg
AS56984,ifm electronic GmbH
AS56997,Johannes J. Jakob
AS57037,Manuel Krebs trading as MKQ Internetservice
AS57089,5POINT AG
AS57115,Vautron Rechenzentrum AG
AS57137,SIEVERS-SNC Beteiligungs GmbH
AS57154,Stadtwerke Konstanz GmbH
AS57222,Olaf Haase
AS57224,reputatio AG
AS57317,Servermeile GmbH
AS57342,NetzNutz GmbH
AS57353,vitroconnect GmbH
AS57358,IMT-Systems GmbH
AS57376,Marc-Christian Schroeer trading as 'ingenit GmbH & Co. KG'
AS57395,synaforce GmbH
AS57407,CK Software GmbH
AS57433,intercolo GmbH
AS57437,thyssenkrupp Information Management GmbH
AS57533,DELTICOM AG
AS57537,Net-D-Sign GmbH
AS57575,NETMOUNTAINS Group GmbH
AS57607,Haefele SE trading as Hafele SE & Co KG
AS57618,JIntelligence GmbH
AS57632,Gregor Radtke
AS57648,Civey GmbH
AS57667,Uptime IT GmbH
AS57684,Wasserversorgung Bayerischer Wald
AS57780,XENIA Systems GmbH IT-Consulting und Systemloesungen
AS57821,Nonattached Network e.V.
AS57837,DTS Systeme GmbH
AS57838,AXSOS AG
AS57892,StayFriends GmbH
AS57911,Miltenyi Biotec GmbH
AS57969,xTom GmbH
AS58010,uvensys GmbH
AS58015,Collin Schneeweiss trading as Tievolu GbR
AS58069,Karlsruhe Institute of Technology
AS58087,Florian Kolb
AS58092,PAREXEL International GmbH
AS58106,Schultze & Braun GmbH
AS58129,actindo GmbH
AS58132,Marco Hubert Firsching trading as digideo Computerservice
AS58149,Volkswohl Bund Lebensversicherung a.G.
AS58209,Murat Terzioglu trading as PREBITS
AS58211,Marco Zebut
AS58212,dataforest GmbH
AS58234,Dirk Rossmann GmbH
AS58243,TELE AG
AS58265,city-netze GmbH
AS58323,netgo tax GmbH
AS58329,servinga GmbH
AS58346,KASSENZAHNAERZTLICHE VEREINIGUNG NORDRHEIN
AS59411,Dien8 GmbH
AS59437,Northern Data AG
AS59474,Rechenzentrum Hassfurt GmbH
AS59507,terralink networks GmbH
AS59570,Jens Zimperfeld
AS59592,intercolo GmbH
AS59645,Tobias Fiebig
AS59675,mywire Datentechnik GmbH
AS59710,1N Telecom GmbH
AS59716,2342 Verwaltungs GmbH
AS59745,AE Technology Services Germany GmbH
AS59752,JPRU Services & Consulting GmbH
AS59775,rescuetrack GmbH
AS59780,SURFBOXX IT-SOLUTIONS GmbH
AS59790,Marco Bungalski GmbH
AS59819,"Jehovas Zeugen in Deutschland, K.d.O.R."
AS59822,MVZ Labor Muenster Hafenweg GmbH
AS59845,Top 21 Systemhaus GmbH
AS59881,Kevin Buehl
AS59921,Stadtwerke Finsterwalde GmbH
AS59971,TX Logistik AG
AS60003,iubari GmbH
AS60044,EMnify GmbH
AS60063,Amprion GmbH
AS60123,Stadtverwaltung Remscheid
AS60128,ICIG Business Services GmbH & Co. KG
AS60150,area-7 IT-Services GmbH
AS60164,Webtrekk GmbH
AS60167,Hansa IT GmbH
AS60169,R-KOM Regensburger Telekommunikationsgesellschaft mbH
AS60175,Wortmann AG
AS60209,Informationsverarbeitung Leverkusen GmbH
AS60253,Host Europe GmbH
AS60254,GLS IT Services GmbH
AS60264,MB Energy GmbH
AS60272,Alliance Healthcare Deutschland GmbH
AS60294,Deutsche Glasfaser Wholesale GmbH
AS60305,COMLINE Computer + Softwareloesungen SE
AS60307,Fachbereich Finanzen der Hochschule des Bundes fur offentliche Verwaltung
AS60316,RS Gesellschaft fuer Informationstechnik mbH & Co.KG
AS60344,Broermann Holding GmbH
AS60345,icixs networks GmbH
AS60351,Geib IT GmbH
AS60380,Michael Rottmann trading as Pixel X e.K.
AS60393,Hammer GmbH trading as Hammer GmbH & Co. KG
AS60400,ORBIS SE
AS60454,dormakaba Holding GmbH + Co. KGaA
AS60461,intercolo GmbH
AS60481,Deutsche Zentrale fur Tourismus e.V. DZT
AS60522,KomMITT-Ratingen GmbH
AS60538,Broadridge (Deutschland) GmbH
AS60550,DeepL SE
AS60571,David Doepelheuer
AS60664,x-ion GmbH
AS60669,Nexus Vermietungs- und Verwaltungsgesellschaft mbH
AS60729,Stiftung Erneuerbare Freiheit
AS60767,Robert Finze
AS60774,MetaComp Wurzburg GmbH
AS60776,NetOcean GmbH
AS60789,QITS GmbH
AS60799,Baader Bank AG
AS60802,Kevin Buehl
AS60824,Fraunhofer-Gesellschaft zur Foerderung der angewandten Forschung e.V.
AS60845,Interhyp AG
AS60948,Heckmann Beteiligungsgesellschaft mbH trading as Bernhard Heckmann GmbH & Co. KG
AS60955,Wavecon GmbH
AS60979,KPMG IT Service GmbH
AS60991,Dominik Schubert
AS60997,Stadt Koeln
AS61028,Stadtwerke Schwedt GmbH
AS61038,Computerwerke Viechtach GmbH
AS61057,INTERSPACE DOOEL Skopje
AS61063,Marina Maus
AS61083,flatexDEGIRO Bank SE
AS61142,Claudio Michael Weber
AS61153,Procter & Gamble Service GmbH
AS61157,PlusServer GmbH
AS61183,integration.net GmbH
AS61218,4b42 UG
AS61244,Manfred Casper trading as EURO-SAT
AS61266,"Jehovas Zeugen in Deutschland, K.d.O.R."
AS61273,Adjust GmbH
AS61303,NETWAYS GmbH
AS61310,prego services GmbH
AS61333,Astralus GmbH
AS61343,PATRONAS Financial Systems GmbH
AS61352,Staatsbetrieb Saechsische Informatik Dienste
AS61374,DE-CIX Management GmbH
AS61377,ORION Versand GmbH & Co. KG
AS61407,NewTelco GmbH
AS61415,M&M GMbH
AS61430,Marc Milde
AS61955,ColocationIX GmbH
AS61967,telematis Netzwerke GmbH
AS61969,Team Internet AG
AS61987,affinis solutions GmbH
AS62023,NYNEX satellite OHG
AS62075,Julian Lannert
AS62086,VIA-ONLINE GmbH
AS62193,BCIX Management GmbH
AS62204,Eurowings Aviation GmbH
AS62269,Lukas Schauer
AS62270,asphericon GmbH
AS62291,esacom GmbH
AS62297,WEBSALE AG
AS62310,axilaris GmbH
AS62336,PURtel.com GmbH
AS62341,Kontrast Communication GmbH
AS62354,Aixit GmbH
AS62359,3Q GmbH
AS62365,SachsenGigaBit GmbH
AS62387,meerfarbig GmbH & Co. KG
AS62396,Marcel Krueger
AS62403,PletX GmbH
AS62407,MHCOM GmbH
AS62434,DFS Deutsche Flugsicherung GmbH
AS62454,intercolo GmbH
AS64396,Breitband in Bayern GmbH
AS64427,OSN Online Service Nuernberg GmbH
AS64473,Maria Merkel
AS64475,Freifunk Frankfurt am Main e.V.
AS6659,PlusServer GmbH
AS6687,Kommunale Datenverarbeitung Oldenburg (KDO)
AS6695,DE-CIX Management GmbH
AS6724,Strato GmbH
AS6733,Bundesinstitut fuer Arzneimittel und Medizinprodukte (BfArM)
AS6735,TNG Stadtnetz GmbH
AS6766,Chaos Computer Club Darmstadt e.V.
AS6786,Cronon GmbH
AS680,Verein zur Foerderung eines Deutschen Forschungsnetzes e.V.
AS6805,Telefonica Germany GmbH & Co.OHG
AS6833,Terranets bw GmbH
AS6878,T-Systems International GmbH
AS8222,noris network AG
AS8292,CamData GmbH
AS8303,Westdeutscher Rundfunk Koln
AS8319,NETHINKS GmbH
AS8351,PLANET IC GmbH
AS8360,Allianz Technology SE
AS8365,Man-da.de GmbH
AS8373,Deutsche Bank AG
AS8375,Telehouse Deutschland GmbH
AS8391,Knipp Medien und Kommunikation GmbH
AS8405,PE Sontheimer Bernd
AS8422,NetCologne Gesellschaft fur Telekommunikation mbH
AS8454,FMO Flughafen Muenster/Osnabrueck GmbH
AS8469,CANCOM Managed Services GmbH
AS8481,SpaceNet AG
AS8489,Martin Mersberger EDV Beratung
AS8495,INTERNET AG Global Network
AS8519,European Space Agency (ESA)
AS8520,SITS Deutschland GmbH
AS8549,Kyndryl Deutschland Aviation Industry Services GmbH
AS8560,IONOS SE
AS8561,Knipp Medien und Kommunikation GmbH
AS8569,METRO Digital GmbH
AS8590,Bayerische Motoren Werke Aktiengesellschaft
AS8638,1&1 Versatel GmbH
AS8648,dogado GmbH
AS8649,ZeXoTeK IT-Services GmbH
AS8687,PPP Internetdienstleistungen GmbH
AS8735,Atos Information Technology GmbH
AS8741,Ratiokontakt GmbH
AS8763,DENIC eG
AS8767,M-net Telekommunikations GmbH
AS8792,Axel Springer SE
AS8793,Thinxx GmbH
AS8794,Frankfurter Allgemeine Zeitung GmbH
AS8804,regio[.NET] Holding GmbH
AS8820,tal.de GmbH
AS8823,Rockenstein AG
AS8826,Siemens AG
AS8859,OSN Online Service Nuernberg GmbH
AS8874,Oliver Bartels F+E
AS8875,sinma GmbH
AS8878,nfon AG
AS8879,DTS Systeme GmbH
AS8881,1&1 Versatel GmbH
AS8893,Artfiles New Media GmbH
AS8899,inexio Informationstechnologie und Telekommunikation Gmbh
AS8925,teuto.net Netzdienste GmbH
AS8937,VSE NET GmbH
AS8956,Stadt Flensburg
AS8972,Host Europe GmbH
AS9007,Dumrath & Fassnacht KG (GmbH & Co.)
AS9020,Fraunhofer-Gesellschaft zur Foerderung der angewandten Forschung e.V.
AS9022,TWL-KOM GmbH
AS9063,VSE NET GmbH
AS9066,EWE TEL GmbH
AS9067,one4vision GmbH
AS9083,carpeNet Information Technologies GmbH
AS9099,Finanz Informatik GmbH & Co. KG
AS9135,ITEMAX GmbH
AS9136,Wobcom GmbH
AS9145,EWE TEL GmbH
AS9163,Onlime GmbH
AS9175,circ IT GmbH & Co KG
AS9182,COMSPACE GmbH & Co KG
AS9183,Robert Bosch Gesellschaft mit Beschraenkter Haftung
AS9188,InfoServe GmbH
AS9197,becom Systemhaus Verwaltungs-GmbH
AS9211,Nawork Internet Informationssysteme GmbH
